Workbook

Sheet 500 Sample
A1: Species | B1: fossorialHabitat | C1: terestrialHabitat | D1: aquaticHabitat | E1: aborealHabitat | F1: bodyLengthMm | G1: clutchSizeMinN | H1: clutchSizeMaxN | I1: directReproduction | J1: larvalReproduction | K1: vivipariousReproduction | L1: habitatType | M1: reproductiveMethod | N1: Check_Body | O1: Check_Min | P1: Check_Max | Q1: Check_Fos | R1: Check_Ter | S1: Check_Aqu | T1: Check_Arb | U1: Check_Dir | V1: Check_Lar | W1: Check_Viv | X1: All_Match | Y1: randID
A2: Eleutherodactylus corona | B2: NA | C2: 1 | D2: NA | E2: 1 | F2: 19.1 | G2: 3 | H2: 3 | I2: 1 | J2: 0 | K2: 0 | L2: =IF( (COUNTIF(B2:E2,"1")+COUNTIF(B2:E2,1))=0, "unknown", MID( IF(OR(B2="1",B2=1)," + fossorial","") & IF(OR(C2="1",C2=1)," + terrestrial","") & IF(OR(D2="1",D2=1)," + aquatic","") & IF(OR(E2="1",E2=1)," + arboreal",""), 4, 999) ) -> terrestrial + arboreal | M2: =IF( AND( (COUNTIF(I2:K2,"1")+COUNTIF(I2:K2,1))=0, (COUNTIF(I2:K2,"0")+COUNTIF(I2:K2,0))=0 ), "unknown", IF( (COUNTIF(I2:K2,"1")+COUNTIF(I2:K2,1))>0, MID( IF(OR(I2=1,I2="1")," + direct","") & IF(OR(J2=1,J2="1")," + larval","") & IF(OR(K2=1,K2="1")," + viviparous",""), 4,999), IF( (COUNTIF(I2:K2,"0")+COUNTIF(I2:K2,0))=3, "none", "unknown") ) ) -> direct | N2: =IFERROR(VALUE(INDEX(rawData!$Z:$Z, MATCH($A2, rawData!$E:$E, 0)))=VALUE($F2),"NA") -> TRUE | O2: =IFERROR(VALUE(INDEX(rawData!$AD:$AD, MATCH($A2, rawData!$E:$E, 0)))=VALUE($G2),"NA") -> TRUE | P2: =IFERROR(VALUE(INDEX(rawData!$AE:$AE, MATCH($A2, rawData!$E:$E, 0)))=VALUE($H2),"NA") -> TRUE | Q2: =IFERROR(INDEX(rawData!$F:$F, MATCH($A2, rawData!$E:$E, 0))=$B2,"NA") -> TRUE | R2: =IFERROR(INDEX(rawData!$G:$G, MATCH($A2, rawData!$E:$E, 0))=$C2,"NA") -> TRUE | S2: =IFERROR(INDEX(rawData!$H:$H, MATCH($A2, rawData!$E:$E, 0))=$D2,"NA") -> TRUE | T2: =IFERROR(INDEX(rawData!$I:$I, MATCH($A2, rawData!$E:$E, 0))=$E2,"NA") -> TRUE | U2: =IFERROR(VALUE(INDEX(rawData!$AI:$AI, MATCH($A2, rawData!$E:$E, 0)))=VALUE($I2),"NA") -> TRUE | V2: =IFERROR(VALUE(INDEX(rawData!$AJ:$AJ, MATCH($A2, rawData!$E:$E, 0)))=VALUE($J2),"NA") -> TRUE | W2: =IFERROR(VALUE(INDEX(rawData!$AK:$AK, MATCH($A2, rawData!$E:$E, 0)))=VALUE($K2),"NA") -> TRUE | X2: =IF(COUNTIF(O2:W2,FALSE)>0,FALSE,TRUE) -> TRUE | Y2: 1
A3: Eurycea quadridigitata | B3: NA | C3: 1 | D3: 1 | E3: NA | F3: 90 | G3: 7 | H3: 62 | I3: 0 | J3: 1 | K3: 0 | L3: =IF( (COUNTIF(B3:E3,"1")+COUNTIF(B3:E3,1))=0, "unknown", MID( IF(OR(B3="1",B3=1)," + fossorial","") & IF(OR(C3="1",C3=1)," + terrestrial","") & IF(OR(D3="1",D3=1)," + aquatic","") & IF(OR(E3="1",E3=1)," + arboreal",""), 4, 999) ) -> terrestrial + aquatic | M3: =IF( AND( (COUNTIF(I3:K3,"1")+COUNTIF(I3:K3,1))=0, (COUNTIF(I3:K3,"0")+COUNTIF(I3:K3,0))=0 ), "unknown", IF( (COUNTIF(I3:K3,"1")+COUNTIF(I3:K3,1))>0, MID( IF(OR(I3=1,I3="1")," + direct","") & IF(OR(J3=1,J3="1")," + larval","") & IF(OR(K3=1,K3="1")," + viviparous",""), 4,999), IF( (COUNTIF(I3:K3,"0")+COUNTIF(I3:K3,0))=3, "none", "unknown") ) ) -> larval | N3: =IFERROR(VALUE(INDEX(rawData!$Z:$Z, MATCH($A3, rawData!$E:$E, 0)))=VALUE($F3),"NA") -> TRUE | O3: =IFERROR(VALUE(INDEX(rawData!$AD:$AD, MATCH($A3, rawData!$E:$E, 0)))=VALUE($G3),"NA") -> TRUE | P3: =IFERROR(VALUE(INDEX(rawData!$AE:$AE, MATCH($A3, rawData!$E:$E, 0)))=VALUE($H3),"NA") -> TRUE | Q3: =IFERROR(INDEX(rawData!$F:$F, MATCH($A3, rawData!$E:$E, 0))=$B3,"NA") -> TRUE | R3: =IFERROR(INDEX(rawData!$G:$G, MATCH($A3, rawData!$E:$E, 0))=$C3,"NA") -> TRUE | S3: =IFERROR(INDEX(rawData!$H:$H, MATCH($A3, rawData!$E:$E, 0))=$D3,"NA") -> TRUE | T3: =IFERROR(INDEX(rawData!$I:$I, MATCH($A3, rawData!$E:$E, 0))=$E3,"NA") -> TRUE | U3: =IFERROR(VALUE(INDEX(rawData!$AI:$AI, MATCH($A3, rawData!$E:$E, 0)))=VALUE($I3),"NA") -> TRUE | V3: =IFERROR(VALUE(INDEX(rawData!$AJ:$AJ, MATCH($A3, rawData!$E:$E, 0)))=VALUE($J3),"NA") -> TRUE | W3: =IFERROR(VALUE(INDEX(rawData!$AK:$AK, MATCH($A3, rawData!$E:$E, 0)))=VALUE($K3),"NA") -> TRUE | X3: =IF(COUNTIF(O3:W3,FALSE)>0,FALSE,TRUE) -> TRUE | Y3: 1
A4: Eleutherodactylus sisyphodemus | B4: NA | C4: 1 | D4: 1 | E4: NA | F4: 18 | G4: 6 | H4: 10 | I4: 1 | J4: 0 | K4: 0 | L4: =IF( (COUNTIF(B4:E4,"1")+COUNTIF(B4:E4,1))=0, "unknown", MID( IF(OR(B4="1",B4=1)," + fossorial","") & IF(OR(C4="1",C4=1)," + terrestrial","") & IF(OR(D4="1",D4=1)," + aquatic","") & IF(OR(E4="1",E4=1)," + arboreal",""), 4, 999) ) -> terrestrial + aquatic | M4: =IF( AND( (COUNTIF(I4:K4,"1")+COUNTIF(I4:K4,1))=0, (COUNTIF(I4:K4,"0")+COUNTIF(I4:K4,0))=0 ), "unknown", IF( (COUNTIF(I4:K4,"1")+COUNTIF(I4:K4,1))>0, MID( IF(OR(I4=1,I4="1")," + direct","") & IF(OR(J4=1,J4="1")," + larval","") & IF(OR(K4=1,K4="1")," + viviparous",""), 4,999), IF( (COUNTIF(I4:K4,"0")+COUNTIF(I4:K4,0))=3, "none", "unknown") ) ) -> direct | N4: =IFERROR(VALUE(INDEX(rawData!$Z:$Z, MATCH($A4, rawData!$E:$E, 0)))=VALUE($F4),"NA") -> TRUE | O4: =IFERROR(VALUE(INDEX(rawData!$AD:$AD, MATCH($A4, rawData!$E:$E, 0)))=VALUE($G4),"NA") -> TRUE | P4: =IFERROR(VALUE(INDEX(rawData!$AE:$AE, MATCH($A4, rawData!$E:$E, 0)))=VALUE($H4),"NA") -> TRUE | Q4: =IFERROR(INDEX(rawData!$F:$F, MATCH($A4, rawData!$E:$E, 0))=$B4,"NA") -> TRUE | R4: =IFERROR(INDEX(rawData!$G:$G, MATCH($A4, rawData!$E:$E, 0))=$C4,"NA") -> TRUE | S4: =IFERROR(INDEX(rawData!$H:$H, MATCH($A4, rawData!$E:$E, 0))=$D4,"NA") -> TRUE | T4: =IFERROR(INDEX(rawData!$I:$I, MATCH($A4, rawData!$E:$E, 0))=$E4,"NA") -> TRUE | U4: =IFERROR(VALUE(INDEX(rawData!$AI:$AI, MATCH($A4, rawData!$E:$E, 0)))=VALUE($I4),"NA") -> TRUE | V4: =IFERROR(VALUE(INDEX(rawData!$AJ:$AJ, MATCH($A4, rawData!$E:$E, 0)))=VALUE($J4),"NA") -> TRUE | W4: =IFERROR(VALUE(INDEX(rawData!$AK:$AK, MATCH($A4, rawData!$E:$E, 0)))=VALUE($K4),"NA") -> TRUE | X4: =IF(COUNTIF(O4:W4,FALSE)>0,FALSE,TRUE) -> TRUE | Y4: 2
A5: Microhyla achatina | B5: NA | C5: 1 | D5: 1 | E5: NA | F5: 25 | G5: 20 | H5: 20 | I5: 0 | J5: 1 | K5: 0 | L5: =IF( (COUNTIF(B5:E5,"1")+COUNTIF(B5:E5,1))=0, "unknown", MID( IF(OR(B5="1",B5=1)," + fossorial","") & IF(OR(C5="1",C5=1)," + terrestrial","") & IF(OR(D5="1",D5=1)," + aquatic","") & IF(OR(E5="1",E5=1)," + arboreal",""), 4, 999) ) -> terrestrial + aquatic | M5: =IF( AND( (COUNTIF(I5:K5,"1")+COUNTIF(I5:K5,1))=0, (COUNTIF(I5:K5,"0")+COUNTIF(I5:K5,0))=0 ), "unknown", IF( (COUNTIF(I5:K5,"1")+COUNTIF(I5:K5,1))>0, MID( IF(OR(I5=1,I5="1")," + direct","") & IF(OR(J5=1,J5="1")," + larval","") & IF(OR(K5=1,K5="1")," + viviparous",""), 4,999), IF( (COUNTIF(I5:K5,"0")+COUNTIF(I5:K5,0))=3, "none", "unknown") ) ) -> larval | N5: =IFERROR(VALUE(INDEX(rawData!$Z:$Z, MATCH($A5, rawData!$E:$E, 0)))=VALUE($F5),"NA") -> TRUE | O5: =IFERROR(VALUE(INDEX(rawData!$AD:$AD, MATCH($A5, rawData!$E:$E, 0)))=VALUE($G5),"NA") -> TRUE | P5: =IFERROR(VALUE(INDEX(rawData!$AE:$AE, MATCH($A5, rawData!$E:$E, 0)))=VALUE($H5),"NA") -> TRUE | Q5: =IFERROR(INDEX(rawData!$F:$F, MATCH($A5, rawData!$E:$E, 0))=$B5,"NA") -> TRUE | R5: =IFERROR(INDEX(rawData!$G:$G, MATCH($A5, rawData!$E:$E, 0))=$C5,"NA") -> TRUE | S5: =IFERROR(INDEX(rawData!$H:$H, MATCH($A5, rawData!$E:$E, 0))=$D5,"NA") -> TRUE | T5: =IFERROR(INDEX(rawData!$I:$I, MATCH($A5, rawData!$E:$E, 0))=$E5,"NA") -> TRUE | U5: =IFERROR(VALUE(INDEX(rawData!$AI:$AI, MATCH($A5, rawData!$E:$E, 0)))=VALUE($I5),"NA") -> TRUE | V5: =IFERROR(VALUE(INDEX(rawData!$AJ:$AJ, MATCH($A5, rawData!$E:$E, 0)))=VALUE($J5),"NA") -> TRUE | W5: =IFERROR(VALUE(INDEX(rawData!$AK:$AK, MATCH($A5, rawData!$E:$E, 0)))=VALUE($K5),"NA") -> TRUE | X5: =IF(COUNTIF(O5:W5,FALSE)>0,FALSE,TRUE) -> TRUE | Y5: 2
A6: Ambystoma barbouri | B6: 1 | C6: 1 | D6: 1 | E6: NA | F6: 168 | G6: 260 | H6: 260 | I6: 0 | J6: 1 | K6: 0 | L6: =IF( (COUNTIF(B6:E6,"1")+COUNTIF(B6:E6,1))=0, "unknown", MID( IF(OR(B6="1",B6=1)," + fossorial","") & IF(OR(C6="1",C6=1)," + terrestrial","") & IF(OR(D6="1",D6=1)," + aquatic","") & IF(OR(E6="1",E6=1)," + arboreal",""), 4, 999) ) -> fossorial + terrestrial + aquatic | M6: =IF( AND( (COUNTIF(I6:K6,"1")+COUNTIF(I6:K6,1))=0, (COUNTIF(I6:K6,"0")+COUNTIF(I6:K6,0))=0 ), "unknown", IF( (COUNTIF(I6:K6,"1")+COUNTIF(I6:K6,1))>0, MID( IF(OR(I6=1,I6="1")," + direct","") & IF(OR(J6=1,J6="1")," + larval","") & IF(OR(K6=1,K6="1")," + viviparous",""), 4,999), IF( (COUNTIF(I6:K6,"0")+COUNTIF(I6:K6,0))=3, "none", "unknown") ) ) -> larval | N6: =IFERROR(VALUE(INDEX(rawData!$Z:$Z, MATCH($A6, rawData!$E:$E, 0)))=VALUE($F6),"NA") -> TRUE | O6: =IFERROR(VALUE(INDEX(rawData!$AD:$AD, MATCH($A6, rawData!$E:$E, 0)))=VALUE($G6),"NA") -> TRUE | P6: =IFERROR(VALUE(INDEX(rawData!$AE:$AE, MATCH($A6, rawData!$E:$E, 0)))=VALUE($H6),"NA") -> TRUE | Q6: =IFERROR(INDEX(rawData!$F:$F, MATCH($A6, rawData!$E:$E, 0))=$B6,"NA") -> TRUE | R6: =IFERROR(INDEX(rawData!$G:$G, MATCH($A6, rawData!$E:$E, 0))=$C6,"NA") -> TRUE | S6: =IFERROR(INDEX(rawData!$H:$H, MATCH($A6, rawData!$E:$E, 0))=$D6,"NA") -> TRUE | T6: =IFERROR(INDEX(rawData!$I:$I, MATCH($A6, rawData!$E:$E, 0))=$E6,"NA") -> TRUE | U6: =IFERROR(VALUE(INDEX(rawData!$AI:$AI, MATCH($A6, rawData!$E:$E, 0)))=VALUE($I6),"NA") -> TRUE | V6: =IFERROR(VALUE(INDEX(rawData!$AJ:$AJ, MATCH($A6, rawData!$E:$E, 0)))=VALUE($J6),"NA") -> TRUE | W6: =IFERROR(VALUE(INDEX(rawData!$AK:$AK, MATCH($A6, rawData!$E:$E, 0)))=VALUE($K6),"NA") -> TRUE | X6: =IF(COUNTIF(O6:W6,FALSE)>0,FALSE,TRUE) -> TRUE | Y6: 2
A7: Smilisca cyanosticta | B7: NA | C7: 1 | D7: 1 | E7: 1 | F7: 70 | G7: 214 | H7: 1844 | I7: 0 | J7: 1 | K7: 0 | L7: =IF( (COUNTIF(B7:E7,"1")+COUNTIF(B7:E7,1))=0, "unknown", MID( IF(OR(B7="1",B7=1)," + fossorial","") & IF(OR(C7="1",C7=1)," + terrestrial","") & IF(OR(D7="1",D7=1)," + aquatic","") & IF(OR(E7="1",E7=1)," + arboreal",""), 4, 999) ) -> terrestrial + aquatic + arboreal | M7: =IF( AND( (COUNTIF(I7:K7,"1")+COUNTIF(I7:K7,1))=0, (COUNTIF(I7:K7,"0")+COUNTIF(I7:K7,0))=0 ), "unknown", IF( (COUNTIF(I7:K7,"1")+COUNTIF(I7:K7,1))>0, MID( IF(OR(I7=1,I7="1")," + direct","") & IF(OR(J7=1,J7="1")," + larval","") & IF(OR(K7=1,K7="1")," + viviparous",""), 4,999), IF( (COUNTIF(I7:K7,"0")+COUNTIF(I7:K7,0))=3, "none", "unknown") ) ) -> larval | N7: =IFERROR(VALUE(INDEX(rawData!$Z:$Z, MATCH($A7, rawData!$E:$E, 0)))=VALUE($F7),"NA") -> TRUE | O7: =IFERROR(VALUE(INDEX(rawData!$AD:$AD, MATCH($A7, rawData!$E:$E, 0)))=VALUE($G7),"NA") -> TRUE | P7: =IFERROR(VALUE(INDEX(rawData!$AE:$AE, MATCH($A7, rawData!$E:$E, 0)))=VALUE($H7),"NA") -> TRUE | Q7: =IFERROR(INDEX(rawData!$F:$F, MATCH($A7, rawData!$E:$E, 0))=$B7,"NA") -> TRUE | R7: =IFERROR(INDEX(rawData!$G:$G, MATCH($A7, rawData!$E:$E, 0))=$C7,"NA") -> TRUE | S7: =IFERROR(INDEX(rawData!$H:$H, MATCH($A7, rawData!$E:$E, 0))=$D7,"NA") -> TRUE | T7: =IFERROR(INDEX(rawData!$I:$I, MATCH($A7, rawData!$E:$E, 0))=$E7,"NA") -> TRUE | U7: =IFERROR(VALUE(INDEX(rawData!$AI:$AI, MATCH($A7, rawData!$E:$E, 0)))=VALUE($I7),"NA") -> TRUE | V7: =IFERROR(VALUE(INDEX(rawData!$AJ:$AJ, MATCH($A7, rawData!$E:$E, 0)))=VALUE($J7),"NA") -> TRUE | W7: =IFERROR(VALUE(INDEX(rawData!$AK:$AK, MATCH($A7, rawData!$E:$E, 0)))=VALUE($K7),"NA") -> TRUE | X7: =IF(COUNTIF(O7:W7,FALSE)>0,FALSE,TRUE) -> TRUE | Y7: 3
A8: Phasmahyla jandaia | B8: NA | C8: 1 | D8: NA | E8: 1 | F8: 32 | G8: 18 | H8: 30 | I8: 0 | J8: 1 | K8: 0 | L8: =IF( (COUNTIF(B8:E8,"1")+COUNTIF(B8:E8,1))=0, "unknown", MID( IF(OR(B8="1",B8=1)," + fossorial","") & IF(OR(C8="1",C8=1)," + terrestrial","") & IF(OR(D8="1",D8=1)," + aquatic","") & IF(OR(E8="1",E8=1)," + arboreal",""), 4, 999) ) -> terrestrial + arboreal | M8: =IF( AND( (COUNTIF(I8:K8,"1")+COUNTIF(I8:K8,1))=0, (COUNTIF(I8:K8,"0")+COUNTIF(I8:K8,0))=0 ), "unknown", IF( (COUNTIF(I8:K8,"1")+COUNTIF(I8:K8,1))>0, MID( IF(OR(I8=1,I8="1")," + direct","") & IF(OR(J8=1,J8="1")," + larval","") & IF(OR(K8=1,K8="1")," + viviparous",""), 4,999), IF( (COUNTIF(I8:K8,"0")+COUNTIF(I8:K8,0))=3, "none", "unknown") ) ) -> larval | N8: =IFERROR(VALUE(INDEX(rawData!$Z:$Z, MATCH($A8, rawData!$E:$E, 0)))=VALUE($F8),"NA") -> TRUE | O8: =IFERROR(VALUE(INDEX(rawData!$AD:$AD, MATCH($A8, rawData!$E:$E, 0)))=VALUE($G8),"NA") -> TRUE | P8: =IFERROR(VALUE(INDEX(rawData!$AE:$AE, MATCH($A8, rawData!$E:$E, 0)))=VALUE($H8),"NA") -> TRUE | Q8: =IFERROR(INDEX(rawData!$F:$F, MATCH($A8, rawData!$E:$E, 0))=$B8,"NA") -> TRUE | R8: =IFERROR(INDEX(rawData!$G:$G, MATCH($A8, rawData!$E:$E, 0))=$C8,"NA") -> TRUE | S8: =IFERROR(INDEX(rawData!$H:$H, MATCH($A8, rawData!$E:$E, 0))=$D8,"NA") -> TRUE | T8: =IFERROR(INDEX(rawData!$I:$I, MATCH($A8, rawData!$E:$E, 0))=$E8,"NA") -> TRUE | U8: =IFERROR(VALUE(INDEX(rawData!$AI:$AI, MATCH($A8, rawData!$E:$E, 0)))=VALUE($I8),"NA") -> TRUE | V8: =IFERROR(VALUE(INDEX(rawData!$AJ:$AJ, MATCH($A8, rawData!$E:$E, 0)))=VALUE($J8),"NA") -> TRUE | W8: =IFERROR(VALUE(INDEX(rawData!$AK:$AK, MATCH($A8, rawData!$E:$E, 0)))=VALUE($K8),"NA") -> TRUE | X8: =IF(COUNTIF(O8:W8,FALSE)>0,FALSE,TRUE) -> TRUE | Y8: 3
A9: Desmognathus welteri | B9: NA | C9: NA | D9: 1 | E9: NA | F9: 122.5 | G9: 18 | H9: 33 | I9: 0 | J9: 1 | K9: 0 | L9: =IF( (COUNTIF(B9:E9,"1")+COUNTIF(B9:E9,1))=0, "unknown", MID( IF(OR(B9="1",B9=1)," + fossorial","") & IF(OR(C9="1",C9=1)," + terrestrial","") & IF(OR(D9="1",D9=1)," + aquatic","") & IF(OR(E9="1",E9=1)," + arboreal",""), 4, 999) ) -> aquatic | M9: =IF( AND( (COUNTIF(I9:K9,"1")+COUNTIF(I9:K9,1))=0, (COUNTIF(I9:K9,"0")+COUNTIF(I9:K9,0))=0 ), "unknown", IF( (COUNTIF(I9:K9,"1")+COUNTIF(I9:K9,1))>0, MID( IF(OR(I9=1,I9="1")," + direct","") & IF(OR(J9=1,J9="1")," + larval","") & IF(OR(K9=1,K9="1")," + viviparous",""), 4,999), IF( (COUNTIF(I9:K9,"0")+COUNTIF(I9:K9,0))=3, "none", "unknown") ) ) -> larval | N9: =IFERROR(VALUE(INDEX(rawData!$Z:$Z, MATCH($A9, rawData!$E:$E, 0)))=VALUE($F9),"NA") -> TRUE | O9: =IFERROR(VALUE(INDEX(rawData!$AD:$AD, MATCH($A9, rawData!$E:$E, 0)))=VALUE($G9),"NA") -> TRUE | P9: =IFERROR(VALUE(INDEX(rawData!$AE:$AE, MATCH($A9, rawData!$E:$E, 0)))=VALUE($H9),"NA") -> TRUE | Q9: =IFERROR(INDEX(rawData!$F:$F, MATCH($A9, rawData!$E:$E, 0))=$B9,"NA") -> TRUE | R9: =IFERROR(INDEX(rawData!$G:$G, MATCH($A9, rawData!$E:$E, 0))=$C9,"NA") -> TRUE | S9: =IFERROR(INDEX(rawData!$H:$H, MATCH($A9, rawData!$E:$E, 0))=$D9,"NA") -> TRUE | T9: =IFERROR(INDEX(rawData!$I:$I, MATCH($A9, rawData!$E:$E, 0))=$E9,"NA") -> TRUE | U9: =IFERROR(VALUE(INDEX(rawData!$AI:$AI, MATCH($A9, rawData!$E:$E, 0)))=VALUE($I9),"NA") -> TRUE | V9: =IFERROR(VALUE(INDEX(rawData!$AJ:$AJ, MATCH($A9, rawData!$E:$E, 0)))=VALUE($J9),"NA") -> TRUE | W9: =IFERROR(VALUE(INDEX(rawData!$AK:$AK, MATCH($A9, rawData!$E:$E, 0)))=VALUE($K9),"NA") -> TRUE | X9: =IF(COUNTIF(O9:W9,FALSE)>0,FALSE,TRUE) -> TRUE | Y9: 4
A10: Smilisca sordida | B10: NA | C10: 1 | D10: 1 | E10: 1 | F10: 64 | G10: 856 | H10: 856 | I10: 0 | J10: 1 | K10: 0 | L10: =IF( (COUNTIF(B10:E10,"1")+COUNTIF(B10:E10,1))=0, "unknown", MID( IF(OR(B10="1",B10=1)," + fossorial","") & IF(OR(C10="1",C10=1)," + terrestrial","") & IF(OR(D10="1",D10=1)," + aquatic","") & IF(OR(E10="1",E10=1)," + arboreal",""), 4, 999) ) -> terrestrial + aquatic + arboreal | M10: =IF( AND( (COUNTIF(I10:K10,"1")+COUNTIF(I10:K10,1))=0, (COUNTIF(I10:K10,"0")+COUNTIF(I10:K10,0))=0 ), "unknown", IF( (COUNTIF(I10:K10,"1")+COUNTIF(I10:K10,1))>0, MID( IF(OR(I10=1,I10="1")," + direct","") & IF(OR(J10=1,J10="1")," + larval","") & IF(OR(K10=1,K10="1")," + viviparous",""), 4,999), IF( (COUNTIF(I10:K10,"0")+COUNTIF(I10:K10,0))=3, "none", "unknown") ) ) -> larval | N10: =IFERROR(VALUE(INDEX(rawData!$Z:$Z, MATCH($A10, rawData!$E:$E, 0)))=VALUE($F10),"NA") -> TRUE | O10: =IFERROR(VALUE(INDEX(rawData!$AD:$AD, MATCH($A10, rawData!$E:$E, 0)))=VALUE($G10),"NA") -> TRUE | P10: =IFERROR(VALUE(INDEX(rawData!$AE:$AE, MATCH($A10, rawData!$E:$E, 0)))=VALUE($H10),"NA") -> TRUE | Q10: =IFERROR(INDEX(rawData!$F:$F, MATCH($A10, rawData!$E:$E, 0))=$B10,"NA") -> TRUE | R10: =IFERROR(INDEX(rawData!$G:$G, MATCH($A10, rawData!$E:$E, 0))=$C10,"NA") -> TRUE | S10: =IFERROR(INDEX(rawData!$H:$H, MATCH($A10, rawData!$E:$E, 0))=$D10,"NA") -> TRUE | T10: =IFERROR(INDEX(rawData!$I:$I, MATCH($A10, rawData!$E:$E, 0))=$E10,"NA") -> TRUE | U10: =IFERROR(VALUE(INDEX(rawData!$AI:$AI, MATCH($A10, rawData!$E:$E, 0)))=VALUE($I10),"NA") -> TRUE | V10: =IFERROR(VALUE(INDEX(rawData!$AJ:$AJ, MATCH($A10, rawData!$E:$E, 0)))=VALUE($J10),"NA") -> TRUE | W10: =IFERROR(VALUE(INDEX(rawData!$AK:$AK, MATCH($A10, rawData!$E:$E, 0)))=VALUE($K10),"NA") -> TRUE | X10: =IF(COUNTIF(O10:W10,FALSE)>0,FALSE,TRUE) -> TRUE | Y10: 8
A11: Physalaemus maculiventris | B11: NA | C11: 1 | D11: 1 | E11: NA | F11: 25 | G11: 129 | H11: 129 | I11: 0 | J11: 1 | K11: 0 | L11: =IF( (COUNTIF(B11:E11,"1")+COUNTIF(B11:E11,1))=0, "unknown", MID( IF(OR(B11="1",B11=1)," + fossorial","") & IF(OR(C11="1",C11=1)," + terrestrial","") & IF(OR(D11="1",D11=1)," + aquatic","") & IF(OR(E11="1",E11=1)," + arboreal",""), 4, 999) ) -> terrestrial + aquatic | M11: =IF( AND( (COUNTIF(I11:K11,"1")+COUNTIF(I11:K11,1))=0, (COUNTIF(I11:K11,"0")+COUNTIF(I11:K11,0))=0 ), "unknown", IF( (COUNTIF(I11:K11,"1")+COUNTIF(I11:K11,1))>0, MID( IF(OR(I11=1,I11="1")," + direct","") & IF(OR(J11=1,J11="1")," + larval","") & IF(OR(K11=1,K11="1")," + viviparous",""), 4,999), IF( (COUNTIF(I11:K11,"0")+COUNTIF(I11:K11,0))=3, "none", "unknown") ) ) -> larval | N11: =IFERROR(VALUE(INDEX(rawData!$Z:$Z, MATCH($A11, rawData!$E:$E, 0)))=VALUE($F11),"NA") -> TRUE | O11: =IFERROR(VALUE(INDEX(rawData!$AD:$AD, MATCH($A11, rawData!$E:$E, 0)))=VALUE($G11),"NA") -> TRUE | P11: =IFERROR(VALUE(INDEX(rawData!$AE:$AE, MATCH($A11, rawData!$E:$E, 0)))=VALUE($H11),"NA") -> TRUE | Q11: =IFERROR(INDEX(rawData!$F:$F, MATCH($A11, rawData!$E:$E, 0))=$B11,"NA") -> TRUE | R11: =IFERROR(INDEX(rawData!$G:$G, MATCH($A11, rawData!$E:$E, 0))=$C11,"NA") -> TRUE | S11: =IFERROR(INDEX(rawData!$H:$H, MATCH($A11, rawData!$E:$E, 0))=$D11,"NA") -> TRUE | T11: =IFERROR(INDEX(rawData!$I:$I, MATCH($A11, rawData!$E:$E, 0))=$E11,"NA") -> TRUE | U11: =IFERROR(VALUE(INDEX(rawData!$AI:$AI, MATCH($A11, rawData!$E:$E, 0)))=VALUE($I11),"NA") -> TRUE | V11: =IFERROR(VALUE(INDEX(rawData!$AJ:$AJ, MATCH($A11, rawData!$E:$E, 0)))=VALUE($J11),"NA") -> TRUE | W11: =IFERROR(VALUE(INDEX(rawData!$AK:$AK, MATCH($A11, rawData!$E:$E, 0)))=VALUE($K11),"NA") -> TRUE | X11: =IF(COUNTIF(O11:W11,FALSE)>0,FALSE,TRUE) -> TRUE | Y11: 9
A12: Allophryne ruthveni | B12: NA | C12: 1 | D12: 1 | E12: 1 | F12: 31 | G12: 300 | H12: 300 | I12: 0 | J12: 1 | K12: 0 | L12: =IF( (COUNTIF(B12:E12,"1")+COUNTIF(B12:E12,1))=0, "unknown", MID( IF(OR(B12="1",B12=1)," + fossorial","") & IF(OR(C12="1",C12=1)," + terrestrial","") & IF(OR(D12="1",D12=1)," + aquatic","") & IF(OR(E12="1",E12=1)," + arboreal",""), 4, 999) ) -> terrestrial + aquatic + arboreal | M12: =IF( AND( (COUNTIF(I12:K12,"1")+COUNTIF(I12:K12,1))=0, (COUNTIF(I12:K12,"0")+COUNTIF(I12:K12,0))=0 ), "unknown", IF( (COUNTIF(I12:K12,"1")+COUNTIF(I12:K12,1))>0, MID( IF(OR(I12=1,I12="1")," + direct","") & IF(OR(J12=1,J12="1")," + larval","") & IF(OR(K12=1,K12="1")," + viviparous",""), 4,999), IF( (COUNTIF(I12:K12,"0")+COUNTIF(I12:K12,0))=3, "none", "unknown") ) ) -> larval | N12: =IFERROR(VALUE(INDEX(rawData!$Z:$Z, MATCH($A12, rawData!$E:$E, 0)))=VALUE($F12),"NA") -> TRUE | O12: =IFERROR(VALUE(INDEX(rawData!$AD:$AD, MATCH($A12, rawData!$E:$E, 0)))=VALUE($G12),"NA") -> TRUE | P12: =IFERROR(VALUE(INDEX(rawData!$AE:$AE, MATCH($A12, rawData!$E:$E, 0)))=VALUE($H12),"NA") -> TRUE | Q12: =IFERROR(INDEX(rawData!$F:$F, MATCH($A12, rawData!$E:$E, 0))=$B12,"NA") -> TRUE | R12: =IFERROR(INDEX(rawData!$G:$G, MATCH($A12, rawData!$E:$E, 0))=$C12,"NA") -> TRUE | S12: =IFERROR(INDEX(rawData!$H:$H, MATCH($A12, rawData!$E:$E, 0))=$D12,"NA") -> TRUE | T12: =IFERROR(INDEX(rawData!$I:$I, MATCH($A12, rawData!$E:$E, 0))=$E12,"NA") -> TRUE | U12: =IFERROR(VALUE(INDEX(rawData!$AI:$AI, MATCH($A12, rawData!$E:$E, 0)))=VALUE($I12),"NA") -> TRUE | V12: =IFERROR(VALUE(INDEX(rawData!$AJ:$AJ, MATCH($A12, rawData!$E:$E, 0)))=VALUE($J12),"NA") -> TRUE | W12: =IFERROR(VALUE(INDEX(rawData!$AK:$AK, MATCH($A12, rawData!$E:$E, 0)))=VALUE($K12),"NA") -> TRUE | X12: =IF(COUNTIF(O12:W12,FALSE)>0,FALSE,TRUE) -> TRUE | Y12: 11
A13: Gegeneophis ramaswamii | B13: 1 | C13: 1 | D13: 1 | E13: NA | F13: 340 | G13: 2 | H13: 21 | I13: 1 | J13: 0 | K13: 0 | L13: =IF( (COUNTIF(B13:E13,"1")+COUNTIF(B13:E13,1))=0, "unknown", MID( IF(OR(B13="1",B13=1)," + fossorial","") & IF(OR(C13="1",C13=1)," + terrestrial","") & IF(OR(D13="1",D13=1)," + aquatic","") & IF(OR(E13="1",E13=1)," + arboreal",""), 4, 999) ) -> fossorial + terrestrial + aquatic | M13: =IF( AND( (COUNTIF(I13:K13,"1")+COUNTIF(I13:K13,1))=0, (COUNTIF(I13:K13,"0")+COUNTIF(I13:K13,0))=0 ), "unknown", IF( (COUNTIF(I13:K13,"1")+COUNTIF(I13:K13,1))>0, MID( IF(OR(I13=1,I13="1")," + direct","") & IF(OR(J13=1,J13="1")," + larval","") & IF(OR(K13=1,K13="1")," + viviparous",""), 4,999), IF( (COUNTIF(I13:K13,"0")+COUNTIF(I13:K13,0))=3, "none", "unknown") ) ) -> direct | N13: =IFERROR(VALUE(INDEX(rawData!$Z:$Z, MATCH($A13, rawData!$E:$E, 0)))=VALUE($F13),"NA") -> TRUE | O13: =IFERROR(VALUE(INDEX(rawData!$AD:$AD, MATCH($A13, rawData!$E:$E, 0)))=VALUE($G13),"NA") -> TRUE | P13: =IFERROR(VALUE(INDEX(rawData!$AE:$AE, MATCH($A13, rawData!$E:$E, 0)))=VALUE($H13),"NA") -> TRUE | Q13: =IFERROR(INDEX(rawData!$F:$F, MATCH($A13, rawData!$E:$E, 0))=$B13,"NA") -> TRUE | R13: =IFERROR(INDEX(rawData!$G:$G, MATCH($A13, rawData!$E:$E, 0))=$C13,"NA") -> TRUE | S13: =IFERROR(INDEX(rawData!$H:$H, MATCH($A13, rawData!$E:$E, 0))=$D13,"NA") -> TRUE | T13: =IFERROR(INDEX(rawData!$I:$I, MATCH($A13, rawData!$E:$E, 0))=$E13,"NA") -> TRUE | U13: =IFERROR(VALUE(INDEX(rawData!$AI:$AI, MATCH($A13, rawData!$E:$E, 0)))=VALUE($I13),"NA") -> TRUE | V13: =IFERROR(VALUE(INDEX(rawData!$AJ:$AJ, MATCH($A13, rawData!$E:$E, 0)))=VALUE($J13),"NA") -> TRUE | W13: =IFERROR(VALUE(INDEX(rawData!$AK:$AK, MATCH($A13, rawData!$E:$E, 0)))=VALUE($K13),"NA") -> TRUE | X13: =IF(COUNTIF(O13:W13,FALSE)>0,FALSE,TRUE) -> TRUE | Y13: 11
A14: Litoria longipes | B14: 1 | C14: 1 | D14: NA | E14: NA | F14: 45 | G14: 50 | H14: 2000 | I14: 0 | J14: 1 | K14: 0 | L14: =IF( (COUNTIF(B14:E14,"1")+COUNTIF(B14:E14,1))=0, "unknown", MID( IF(OR(B14="1",B14=1)," + fossorial","") & IF(OR(C14="1",C14=1)," + terrestrial","") & IF(OR(D14="1",D14=1)," + aquatic","") & IF(OR(E14="1",E14=1)," + arboreal",""), 4, 999) ) -> fossorial + terrestrial | M14: =IF( AND( (COUNTIF(I14:K14,"1")+COUNTIF(I14:K14,1))=0, (COUNTIF(I14:K14,"0")+COUNTIF(I14:K14,0))=0 ), "unknown", IF( (COUNTIF(I14:K14,"1")+COUNTIF(I14:K14,1))>0, MID( IF(OR(I14=1,I14="1")," + direct","") & IF(OR(J14=1,J14="1")," + larval","") & IF(OR(K14=1,K14="1")," + viviparous",""), 4,999), IF( (COUNTIF(I14:K14,"0")+COUNTIF(I14:K14,0))=3, "none", "unknown") ) ) -> larval | N14: =IFERROR(VALUE(INDEX(rawData!$Z:$Z, MATCH($A14, rawData!$E:$E, 0)))=VALUE($F14),"NA") -> TRUE | O14: =IFERROR(VALUE(INDEX(rawData!$AD:$AD, MATCH($A14, rawData!$E:$E, 0)))=VALUE($G14),"NA") -> TRUE | P14: =IFERROR(VALUE(INDEX(rawData!$AE:$AE, MATCH($A14, rawData!$E:$E, 0)))=VALUE($H14),"NA") -> TRUE | Q14: =IFERROR(INDEX(rawData!$F:$F, MATCH($A14, rawData!$E:$E, 0))=$B14,"NA") -> TRUE | R14: =IFERROR(INDEX(rawData!$G:$G, MATCH($A14, rawData!$E:$E, 0))=$C14,"NA") -> TRUE | S14: =IFERROR(INDEX(rawData!$H:$H, MATCH($A14, rawData!$E:$E, 0))=$D14,"NA") -> TRUE | T14: =IFERROR(INDEX(rawData!$I:$I, MATCH($A14, rawData!$E:$E, 0))=$E14,"NA") -> TRUE | U14: =IFERROR(VALUE(INDEX(rawData!$AI:$AI, MATCH($A14, rawData!$E:$E, 0)))=VALUE($I14),"NA") -> TRUE | V14: =IFERROR(VALUE(INDEX(rawData!$AJ:$AJ, MATCH($A14, rawData!$E:$E, 0)))=VALUE($J14),"NA") -> TRUE | W14: =IFERROR(VALUE(INDEX(rawData!$AK:$AK, MATCH($A14, rawData!$E:$E, 0)))=VALUE($K14),"NA") -> TRUE | X14: =IF(COUNTIF(O14:W14,FALSE)>0,FALSE,TRUE) -> TRUE | Y14: 12
A15: Hyla plicata | B15: NA | C15: 1 | D15: NA | E15: 1 | F15: 47.4 | G15: 265 | H15: 265 | I15: 0 | J15: 1 | K15: 0 | L15: =IF( (COUNTIF(B15:E15,"1")+COUNTIF(B15:E15,1))=0, "unknown", MID( IF(OR(B15="1",B15=1)," + fossorial","") & IF(OR(C15="1",C15=1)," + terrestrial","") & IF(OR(D15="1",D15=1)," + aquatic","") & IF(OR(E15="1",E15=1)," + arboreal",""), 4, 999) ) -> terrestrial + arboreal | M15: =IF( AND( (COUNTIF(I15:K15,"1")+COUNTIF(I15:K15,1))=0, (COUNTIF(I15:K15,"0")+COUNTIF(I15:K15,0))=0 ), "unknown", IF( (COUNTIF(I15:K15,"1")+COUNTIF(I15:K15,1))>0, MID( IF(OR(I15=1,I15="1")," + direct","") & IF(OR(J15=1,J15="1")," + larval","") & IF(OR(K15=1,K15="1")," + viviparous",""), 4,999), IF( (COUNTIF(I15:K15,"0")+COUNTIF(I15:K15,0))=3, "none", "unknown") ) ) -> larval | N15: =IFERROR(VALUE(INDEX(rawData!$Z:$Z, MATCH($A15, rawData!$E:$E, 0)))=VALUE($F15),"NA") -> TRUE | O15: =IFERROR(VALUE(INDEX(rawData!$AD:$AD, MATCH($A15, rawData!$E:$E, 0)))=VALUE($G15),"NA") -> TRUE | P15: =IFERROR(VALUE(INDEX(rawData!$AE:$AE, MATCH($A15, rawData!$E:$E, 0)))=VALUE($H15),"NA") -> TRUE | Q15: =IFERROR(INDEX(rawData!$F:$F, MATCH($A15, rawData!$E:$E, 0))=$B15,"NA") -> TRUE | R15: =IFERROR(INDEX(rawData!$G:$G, MATCH($A15, rawData!$E:$E, 0))=$C15,"NA") -> TRUE | S15: =IFERROR(INDEX(rawData!$H:$H, MATCH($A15, rawData!$E:$E, 0))=$D15,"NA") -> TRUE | T15: =IFERROR(INDEX(rawData!$I:$I, MATCH($A15, rawData!$E:$E, 0))=$E15,"NA") -> TRUE | U15: =IFERROR(VALUE(INDEX(rawData!$AI:$AI, MATCH($A15, rawData!$E:$E, 0)))=VALUE($I15),"NA") -> TRUE | V15: =IFERROR(VALUE(INDEX(rawData!$AJ:$AJ, MATCH($A15, rawData!$E:$E, 0)))=VALUE($J15),"NA") -> TRUE | W15: =IFERROR(VALUE(INDEX(rawData!$AK:$AK, MATCH($A15, rawData!$E:$E, 0)))=VALUE($K15),"NA") -> TRUE | X15: =IF(COUNTIF(O15:W15,FALSE)>0,FALSE,TRUE) -> TRUE | Y15: 13
A16: Scutiger mammatus | B16: NA | C16: 1 | D16: 1 | E16: 1 | F16: 70.5 | G16: 436 | H16: 606 | I16: 0 | J16: 1 | K16: 0 | L16: =IF( (COUNTIF(B16:E16,"1")+COUNTIF(B16:E16,1))=0, "unknown", MID( IF(OR(B16="1",B16=1)," + fossorial","") & IF(OR(C16="1",C16=1)," + terrestrial","") & IF(OR(D16="1",D16=1)," + aquatic","") & IF(OR(E16="1",E16=1)," + arboreal",""), 4, 999) ) -> terrestrial + aquatic + arboreal | M16: =IF( AND( (COUNTIF(I16:K16,"1")+COUNTIF(I16:K16,1))=0, (COUNTIF(I16:K16,"0")+COUNTIF(I16:K16,0))=0 ), "unknown", IF( (COUNTIF(I16:K16,"1")+COUNTIF(I16:K16,1))>0, MID( IF(OR(I16=1,I16="1")," + direct","") & IF(OR(J16=1,J16="1")," + larval","") & IF(OR(K16=1,K16="1")," + viviparous",""), 4,999), IF( (COUNTIF(I16:K16,"0")+COUNTIF(I16:K16,0))=3, "none", "unknown") ) ) -> larval | N16: =IFERROR(VALUE(INDEX(rawData!$Z:$Z, MATCH($A16, rawData!$E:$E, 0)))=VALUE($F16),"NA") -> TRUE | O16: =IFERROR(VALUE(INDEX(rawData!$AD:$AD, MATCH($A16, rawData!$E:$E, 0)))=VALUE($G16),"NA") -> TRUE | P16: =IFERROR(VALUE(INDEX(rawData!$AE:$AE, MATCH($A16, rawData!$E:$E, 0)))=VALUE($H16),"NA") -> TRUE | Q16: =IFERROR(INDEX(rawData!$F:$F, MATCH($A16, rawData!$E:$E, 0))=$B16,"NA") -> TRUE | R16: =IFERROR(INDEX(rawData!$G:$G, MATCH($A16, rawData!$E:$E, 0))=$C16,"NA") -> TRUE | S16: =IFERROR(INDEX(rawData!$H:$H, MATCH($A16, rawData!$E:$E, 0))=$D16,"NA") -> TRUE | T16: =IFERROR(INDEX(rawData!$I:$I, MATCH($A16, rawData!$E:$E, 0))=$E16,"NA") -> TRUE | U16: =IFERROR(VALUE(INDEX(rawData!$AI:$AI, MATCH($A16, rawData!$E:$E, 0)))=VALUE($I16),"NA") -> TRUE | V16: =IFERROR(VALUE(INDEX(rawData!$AJ:$AJ, MATCH($A16, rawData!$E:$E, 0)))=VALUE($J16),"NA") -> TRUE | W16: =IFERROR(VALUE(INDEX(rawData!$AK:$AK, MATCH($A16, rawData!$E:$E, 0)))=VALUE($K16),"NA") -> TRUE | X16: =IF(COUNTIF(O16:W16,FALSE)>0,FALSE,TRUE) -> TRUE | Y16: 14
A17: Bufo tibetanus | B17: NA | C17: 1 | D17: 1 | E17: NA | F17: 72.2 | G17: 4000 | H17: 4000 | I17: 0 | J17: 1 | K17: 0 | L17: =IF( (COUNTIF(B17:E17,"1")+COUNTIF(B17:E17,1))=0, "unknown", MID( IF(OR(B17="1",B17=1)," + fossorial","") & IF(OR(C17="1",C17=1)," + terrestrial","") & IF(OR(D17="1",D17=1)," + aquatic","") & IF(OR(E17="1",E17=1)," + arboreal",""), 4, 999) ) -> terrestrial + aquatic | M17: =IF( AND( (COUNTIF(I17:K17,"1")+COUNTIF(I17:K17,1))=0, (COUNTIF(I17:K17,"0")+COUNTIF(I17:K17,0))=0 ), "unknown", IF( (COUNTIF(I17:K17,"1")+COUNTIF(I17:K17,1))>0, MID( IF(OR(I17=1,I17="1")," + direct","") & IF(OR(J17=1,J17="1")," + larval","") & IF(OR(K17=1,K17="1")," + viviparous",""), 4,999), IF( (COUNTIF(I17:K17,"0")+COUNTIF(I17:K17,0))=3, "none", "unknown") ) ) -> larval | N17: =IFERROR(VALUE(INDEX(rawData!$Z:$Z, MATCH($A17, rawData!$E:$E, 0)))=VALUE($F17),"NA") -> TRUE | O17: =IFERROR(VALUE(INDEX(rawData!$AD:$AD, MATCH($A17, rawData!$E:$E, 0)))=VALUE($G17),"NA") -> TRUE | P17: =IFERROR(VALUE(INDEX(rawData!$AE:$AE, MATCH($A17, rawData!$E:$E, 0)))=VALUE($H17),"NA") -> TRUE | Q17: =IFERROR(INDEX(rawData!$F:$F, MATCH($A17, rawData!$E:$E, 0))=$B17,"NA") -> TRUE | R17: =IFERROR(INDEX(rawData!$G:$G, MATCH($A17, rawData!$E:$E, 0))=$C17,"NA") -> TRUE | S17: =IFERROR(INDEX(rawData!$H:$H, MATCH($A17, rawData!$E:$E, 0))=$D17,"NA") -> TRUE | T17: =IFERROR(INDEX(rawData!$I:$I, MATCH($A17, rawData!$E:$E, 0))=$E17,"NA") -> TRUE | U17: =IFERROR(VALUE(INDEX(rawData!$AI:$AI, MATCH($A17, rawData!$E:$E, 0)))=VALUE($I17),"NA") -> TRUE | V17: =IFERROR(VALUE(INDEX(rawData!$AJ:$AJ, MATCH($A17, rawData!$E:$E, 0)))=VALUE($J17),"NA") -> TRUE | W17: =IFERROR(VALUE(INDEX(rawData!$AK:$AK, MATCH($A17, rawData!$E:$E, 0)))=VALUE($K17),"NA") -> TRUE | X17: =IF(COUNTIF(O17:W17,FALSE)>0,FALSE,TRUE) -> TRUE | Y17: 15
A18: Nymphargus griffithsi | B18: NA | C18: 1 | D18: NA | E18: 1 | F18: 26.6 | G18: 9 | H18: 9 | I18: 0 | J18: 1 | K18: 0 | L18: =IF( (COUNTIF(B18:E18,"1")+COUNTIF(B18:E18,1))=0, "unknown", MID( IF(OR(B18="1",B18=1)," + fossorial","") & IF(OR(C18="1",C18=1)," + terrestrial","") & IF(OR(D18="1",D18=1)," + aquatic","") & IF(OR(E18="1",E18=1)," + arboreal",""), 4, 999) ) -> terrestrial + arboreal | M18: =IF( AND( (COUNTIF(I18:K18,"1")+COUNTIF(I18:K18,1))=0, (COUNTIF(I18:K18,"0")+COUNTIF(I18:K18,0))=0 ), "unknown", IF( (COUNTIF(I18:K18,"1")+COUNTIF(I18:K18,1))>0, MID( IF(OR(I18=1,I18="1")," + direct","") & IF(OR(J18=1,J18="1")," + larval","") & IF(OR(K18=1,K18="1")," + viviparous",""), 4,999), IF( (COUNTIF(I18:K18,"0")+COUNTIF(I18:K18,0))=3, "none", "unknown") ) ) -> larval | N18: =IFERROR(VALUE(INDEX(rawData!$Z:$Z, MATCH($A18, rawData!$E:$E, 0)))=VALUE($F18),"NA") -> TRUE | O18: =IFERROR(VALUE(INDEX(rawData!$AD:$AD, MATCH($A18, rawData!$E:$E, 0)))=VALUE($G18),"NA") -> TRUE | P18: =IFERROR(VALUE(INDEX(rawData!$AE:$AE, MATCH($A18, rawData!$E:$E, 0)))=VALUE($H18),"NA") -> TRUE | Q18: =IFERROR(INDEX(rawData!$F:$F, MATCH($A18, rawData!$E:$E, 0))=$B18,"NA") -> TRUE | R18: =IFERROR(INDEX(rawData!$G:$G, MATCH($A18, rawData!$E:$E, 0))=$C18,"NA") -> TRUE | S18: =IFERROR(INDEX(rawData!$H:$H, MATCH($A18, rawData!$E:$E, 0))=$D18,"NA") -> TRUE | T18: =IFERROR(INDEX(rawData!$I:$I, MATCH($A18, rawData!$E:$E, 0))=$E18,"NA") -> TRUE | U18: =IFERROR(VALUE(INDEX(rawData!$AI:$AI, MATCH($A18, rawData!$E:$E, 0)))=VALUE($I18),"NA") -> TRUE | V18: =IFERROR(VALUE(INDEX(rawData!$AJ:$AJ, MATCH($A18, rawData!$E:$E, 0)))=VALUE($J18),"NA") -> TRUE | W18: =IFERROR(VALUE(INDEX(rawData!$AK:$AK, MATCH($A18, rawData!$E:$E, 0)))=VALUE($K18),"NA") -> TRUE | X18: =IF(COUNTIF(O18:W18,FALSE)>0,FALSE,TRUE) -> TRUE | Y18: 19
A19: Pelophylax cerigensis | B19: NA | C19: 1 | D19: 1 | E19: NA | F19: 70 | G19: 15000 | H19: 15000 | I19: 0 | J19: 1 | K19: 0 | L19: =IF( (COUNTIF(B19:E19,"1")+COUNTIF(B19:E19,1))=0, "unknown", MID( IF(OR(B19="1",B19=1)," + fossorial","") & IF(OR(C19="1",C19=1)," + terrestrial","") & IF(OR(D19="1",D19=1)," + aquatic","") & IF(OR(E19="1",E19=1)," + arboreal",""), 4, 999) ) -> terrestrial + aquatic | M19: =IF( AND( (COUNTIF(I19:K19,"1")+COUNTIF(I19:K19,1))=0, (COUNTIF(I19:K19,"0")+COUNTIF(I19:K19,0))=0 ), "unknown", IF( (COUNTIF(I19:K19,"1")+COUNTIF(I19:K19,1))>0, MID( IF(OR(I19=1,I19="1")," + direct","") & IF(OR(J19=1,J19="1")," + larval","") & IF(OR(K19=1,K19="1")," + viviparous",""), 4,999), IF( (COUNTIF(I19:K19,"0")+COUNTIF(I19:K19,0))=3, "none", "unknown") ) ) -> larval | N19: =IFERROR(VALUE(INDEX(rawData!$Z:$Z, MATCH($A19, rawData!$E:$E, 0)))=VALUE($F19),"NA") -> TRUE | O19: =IFERROR(VALUE(INDEX(rawData!$AD:$AD, MATCH($A19, rawData!$E:$E, 0)))=VALUE($G19),"NA") -> TRUE | P19: =IFERROR(VALUE(INDEX(rawData!$AE:$AE, MATCH($A19, rawData!$E:$E, 0)))=VALUE($H19),"NA") -> TRUE | Q19: =IFERROR(INDEX(rawData!$F:$F, MATCH($A19, rawData!$E:$E, 0))=$B19,"NA") -> TRUE | R19: =IFERROR(INDEX(rawData!$G:$G, MATCH($A19, rawData!$E:$E, 0))=$C19,"NA") -> TRUE | S19: =IFERROR(INDEX(rawData!$H:$H, MATCH($A19, rawData!$E:$E, 0))=$D19,"NA") -> TRUE | T19: =IFERROR(INDEX(rawData!$I:$I, MATCH($A19, rawData!$E:$E, 0))=$E19,"NA") -> TRUE | U19: =IFERROR(VALUE(INDEX(rawData!$AI:$AI, MATCH($A19, rawData!$E:$E, 0)))=VALUE($I19),"NA") -> TRUE | V19: =IFERROR(VALUE(INDEX(rawData!$AJ:$AJ, MATCH($A19, rawData!$E:$E, 0)))=VALUE($J19),"NA") -> TRUE | W19: =IFERROR(VALUE(INDEX(rawData!$AK:$AK, MATCH($A19, rawData!$E:$E, 0)))=VALUE($K19),"NA") -> TRUE | X19: =IF(COUNTIF(O19:W19,FALSE)>0,FALSE,TRUE) -> TRUE | Y19: 20
A20: Fejervarya cancrivora | B20: NA | C20: 1 | D20: 1 | E20: 1 | F20: 113 | G20: 90 | H20: 1187 | I20: 0 | J20: 1 | K20: 0 | L20: =IF( (COUNTIF(B20:E20,"1")+COUNTIF(B20:E20,1))=0, "unknown", MID( IF(OR(B20="1",B20=1)," + fossorial","") & IF(OR(C20="1",C20=1)," + terrestrial","") & IF(OR(D20="1",D20=1)," + aquatic","") & IF(OR(E20="1",E20=1)," + arboreal",""), 4, 999) ) -> terrestrial + aquatic + arboreal | M20: =IF( AND( (COUNTIF(I20:K20,"1")+COUNTIF(I20:K20,1))=0, (COUNTIF(I20:K20,"0")+COUNTIF(I20:K20,0))=0 ), "unknown", IF( (COUNTIF(I20:K20,"1")+COUNTIF(I20:K20,1))>0, MID( IF(OR(I20=1,I20="1")," + direct","") & IF(OR(J20=1,J20="1")," + larval","") & IF(OR(K20=1,K20="1")," + viviparous",""), 4,999), IF( (COUNTIF(I20:K20,"0")+COUNTIF(I20:K20,0))=3, "none", "unknown") ) ) -> larval | N20: =IFERROR(VALUE(INDEX(rawData!$Z:$Z, MATCH($A20, rawData!$E:$E, 0)))=VALUE($F20),"NA") -> TRUE | O20: =IFERROR(VALUE(INDEX(rawData!$AD:$AD, MATCH($A20, rawData!$E:$E, 0)))=VALUE($G20),"NA") -> TRUE | P20: =IFERROR(VALUE(INDEX(rawData!$AE:$AE, MATCH($A20, rawData!$E:$E, 0)))=VALUE($H20),"NA") -> TRUE | Q20: =IFERROR(INDEX(rawData!$F:$F, MATCH($A20, rawData!$E:$E, 0))=$B20,"NA") -> TRUE | R20: =IFERROR(INDEX(rawData!$G:$G, MATCH($A20, rawData!$E:$E, 0))=$C20,"NA") -> TRUE | S20: =IFERROR(INDEX(rawData!$H:$H, MATCH($A20, rawData!$E:$E, 0))=$D20,"NA") -> TRUE | T20: =IFERROR(INDEX(rawData!$I:$I, MATCH($A20, rawData!$E:$E, 0))=$E20,"NA") -> TRUE | U20: =IFERROR(VALUE(INDEX(rawData!$AI:$AI, MATCH($A20, rawData!$E:$E, 0)))=VALUE($I20),"NA") -> TRUE | V20: =IFERROR(VALUE(INDEX(rawData!$AJ:$AJ, MATCH($A20, rawData!$E:$E, 0)))=VALUE($J20),"NA") -> TRUE | W20: =IFERROR(VALUE(INDEX(rawData!$AK:$AK, MATCH($A20, rawData!$E:$E, 0)))=VALUE($K20),"NA") -> TRUE | X20: =IF(COUNTIF(O20:W20,FALSE)>0,FALSE,TRUE) -> TRUE | Y20: 22
A21: Litoria gracilenta | B21: NA | C21: 1 | D21: 1 | E21: 1 | F21: 45 | G21: 400 | H21: 1100 | I21: 0 | J21: 1 | K21: 0 | L21: =IF( (COUNTIF(B21:E21,"1")+COUNTIF(B21:E21,1))=0, "unknown", MID( IF(OR(B21="1",B21=1)," + fossorial","") & IF(OR(C21="1",C21=1)," + terrestrial","") & IF(OR(D21="1",D21=1)," + aquatic","") & IF(OR(E21="1",E21=1)," + arboreal",""), 4, 999) ) -> terrestrial + aquatic + arboreal | M21: =IF( AND( (COUNTIF(I21:K21,"1")+COUNTIF(I21:K21,1))=0, (COUNTIF(I21:K21,"0")+COUNTIF(I21:K21,0))=0 ), "unknown", IF( (COUNTIF(I21:K21,"1")+COUNTIF(I21:K21,1))>0, MID( IF(OR(I21=1,I21="1")," + direct","") & IF(OR(J21=1,J21="1")," + larval","") & IF(OR(K21=1,K21="1")," + viviparous",""), 4,999), IF( (COUNTIF(I21:K21,"0")+COUNTIF(I21:K21,0))=3, "none", "unknown") ) ) -> larval | N21: =IFERROR(VALUE(INDEX(rawData!$Z:$Z, MATCH($A21, rawData!$E:$E, 0)))=VALUE($F21),"NA") -> TRUE | O21: =IFERROR(VALUE(INDEX(rawData!$AD:$AD, MATCH($A21, rawData!$E:$E, 0)))=VALUE($G21),"NA") -> TRUE | P21: =IFERROR(VALUE(INDEX(rawData!$AE:$AE, MATCH($A21, rawData!$E:$E, 0)))=VALUE($H21),"NA") -> TRUE | Q21: =IFERROR(INDEX(rawData!$F:$F, MATCH($A21, rawData!$E:$E, 0))=$B21,"NA") -> TRUE | R21: =IFERROR(INDEX(rawData!$G:$G, MATCH($A21, rawData!$E:$E, 0))=$C21,"NA") -> TRUE | S21: =IFERROR(INDEX(rawData!$H:$H, MATCH($A21, rawData!$E:$E, 0))=$D21,"NA") -> TRUE | T21: =IFERROR(INDEX(rawData!$I:$I, MATCH($A21, rawData!$E:$E, 0))=$E21,"NA") -> TRUE | U21: =IFERROR(VALUE(INDEX(rawData!$AI:$AI, MATCH($A21, rawData!$E:$E, 0)))=VALUE($I21),"NA") -> TRUE | V21: =IFERROR(VALUE(INDEX(rawData!$AJ:$AJ, MATCH($A21, rawData!$E:$E, 0)))=VALUE($J21),"NA") -> TRUE | W21: =IFERROR(VALUE(INDEX(rawData!$AK:$AK, MATCH($A21, rawData!$E:$E, 0)))=VALUE($K21),"NA") -> TRUE | X21: =IF(COUNTIF(O21:W21,FALSE)>0,FALSE,TRUE) -> TRUE | Y21: 23
A22: Hypopachus variolosus | B22: 1 | C22: 1 | D22: 1 | E22: NA | F22: 53 | G22: 700 | H22: 700 | I22: 0 | J22: 1 | K22: 0 | L22: =IF( (COUNTIF(B22:E22,"1")+COUNTIF(B22:E22,1))=0, "unknown", MID( IF(OR(B22="1",B22=1)," + fossorial","") & IF(OR(C22="1",C22=1)," + terrestrial","") & IF(OR(D22="1",D22=1)," + aquatic","") & IF(OR(E22="1",E22=1)," + arboreal",""), 4, 999) ) -> fossorial + terrestrial + aquatic | M22: =IF( AND( (COUNTIF(I22:K22,"1")+COUNTIF(I22:K22,1))=0, (COUNTIF(I22:K22,"0")+COUNTIF(I22:K22,0))=0 ), "unknown", IF( (COUNTIF(I22:K22,"1")+COUNTIF(I22:K22,1))>0, MID( IF(OR(I22=1,I22="1")," + direct","") & IF(OR(J22=1,J22="1")," + larval","") & IF(OR(K22=1,K22="1")," + viviparous",""), 4,999), IF( (COUNTIF(I22:K22,"0")+COUNTIF(I22:K22,0))=3, "none", "unknown") ) ) -> larval | N22: =IFERROR(VALUE(INDEX(rawData!$Z:$Z, MATCH($A22, rawData!$E:$E, 0)))=VALUE($F22),"NA") -> TRUE | O22: =IFERROR(VALUE(INDEX(rawData!$AD:$AD, MATCH($A22, rawData!$E:$E, 0)))=VALUE($G22),"NA") -> TRUE | P22: =IFERROR(VALUE(INDEX(rawData!$AE:$AE, MATCH($A22, rawData!$E:$E, 0)))=VALUE($H22),"NA") -> TRUE | Q22: =IFERROR(INDEX(rawData!$F:$F, MATCH($A22, rawData!$E:$E, 0))=$B22,"NA") -> TRUE | R22: =IFERROR(INDEX(rawData!$G:$G, MATCH($A22, rawData!$E:$E, 0))=$C22,"NA") -> TRUE | S22: =IFERROR(INDEX(rawData!$H:$H, MATCH($A22, rawData!$E:$E, 0))=$D22,"NA") -> TRUE | T22: =IFERROR(INDEX(rawData!$I:$I, MATCH($A22, rawData!$E:$E, 0))=$E22,"NA") -> TRUE | U22: =IFERROR(VALUE(INDEX(rawData!$AI:$AI, MATCH($A22, rawData!$E:$E, 0)))=VALUE($I22),"NA") -> TRUE | V22: =IFERROR(VALUE(INDEX(rawData!$AJ:$AJ, MATCH($A22, rawData!$E:$E, 0)))=VALUE($J22),"NA") -> TRUE | W22: =IFERROR(VALUE(INDEX(rawData!$AK:$AK, MATCH($A22, rawData!$E:$E, 0)))=VALUE($K22),"NA") -> TRUE | X22: =IF(COUNTIF(O22:W22,FALSE)>0,FALSE,TRUE) -> TRUE | Y22: 23
A23: Geocrinia victoriana | B23: NA | C23: 1 | D23: 1 | E23: NA | F23: 35 | G23: 126 | H23: 126 | I23: 0 | J23: 1 | K23: 0 | L23: =IF( (COUNTIF(B23:E23,"1")+COUNTIF(B23:E23,1))=0, "unknown", MID( IF(OR(B23="1",B23=1)," + fossorial","") & IF(OR(C23="1",C23=1)," + terrestrial","") & IF(OR(D23="1",D23=1)," + aquatic","") & IF(OR(E23="1",E23=1)," + arboreal",""), 4, 999) ) -> terrestrial + aquatic | M23: =IF( AND( (COUNTIF(I23:K23,"1")+COUNTIF(I23:K23,1))=0, (COUNTIF(I23:K23,"0")+COUNTIF(I23:K23,0))=0 ), "unknown", IF( (COUNTIF(I23:K23,"1")+COUNTIF(I23:K23,1))>0, MID( IF(OR(I23=1,I23="1")," + direct","") & IF(OR(J23=1,J23="1")," + larval","") & IF(OR(K23=1,K23="1")," + viviparous",""), 4,999), IF( (COUNTIF(I23:K23,"0")+COUNTIF(I23:K23,0))=3, "none", "unknown") ) ) -> larval | N23: =IFERROR(VALUE(INDEX(rawData!$Z:$Z, MATCH($A23, rawData!$E:$E, 0)))=VALUE($F23),"NA") -> TRUE | O23: =IFERROR(VALUE(INDEX(rawData!$AD:$AD, MATCH($A23, rawData!$E:$E, 0)))=VALUE($G23),"NA") -> TRUE | P23: =IFERROR(VALUE(INDEX(rawData!$AE:$AE, MATCH($A23, rawData!$E:$E, 0)))=VALUE($H23),"NA") -> TRUE | Q23: =IFERROR(INDEX(rawData!$F:$F, MATCH($A23, rawData!$E:$E, 0))=$B23,"NA") -> TRUE | R23: =IFERROR(INDEX(rawData!$G:$G, MATCH($A23, rawData!$E:$E, 0))=$C23,"NA") -> TRUE | S23: =IFERROR(INDEX(rawData!$H:$H, MATCH($A23, rawData!$E:$E, 0))=$D23,"NA") -> TRUE | T23: =IFERROR(INDEX(rawData!$I:$I, MATCH($A23, rawData!$E:$E, 0))=$E23,"NA") -> TRUE | U23: =IFERROR(VALUE(INDEX(rawData!$AI:$AI, MATCH($A23, rawData!$E:$E, 0)))=VALUE($I23),"NA") -> TRUE | V23: =IFERROR(VALUE(INDEX(rawData!$AJ:$AJ, MATCH($A23, rawData!$E:$E, 0)))=VALUE($J23),"NA") -> TRUE | W23: =IFERROR(VALUE(INDEX(rawData!$AK:$AK, MATCH($A23, rawData!$E:$E, 0)))=VALUE($K23),"NA") -> TRUE | X23: =IF(COUNTIF(O23:W23,FALSE)>0,FALSE,TRUE) -> TRUE | Y23: 23
A24: Eleutherodactylus fowleri | B24: NA | C24: 1 | D24: NA | E24: 1 | F24: 33 | G24: 12 | H24: 12 | I24: 1 | J24: 0 | K24: 0 | L24: =IF( (COUNTIF(B24:E24,"1")+COUNTIF(B24:E24,1))=0, "unknown", MID( IF(OR(B24="1",B24=1)," + fossorial","") & IF(OR(C24="1",C24=1)," + terrestrial","") & IF(OR(D24="1",D24=1)," + aquatic","") & IF(OR(E24="1",E24=1)," + arboreal",""), 4, 999) ) -> terrestrial + arboreal | M24: =IF( AND( (COUNTIF(I24:K24,"1")+COUNTIF(I24:K24,1))=0, (COUNTIF(I24:K24,"0")+COUNTIF(I24:K24,0))=0 ), "unknown", IF( (COUNTIF(I24:K24,"1")+COUNTIF(I24:K24,1))>0, MID( IF(OR(I24=1,I24="1")," + direct","") & IF(OR(J24=1,J24="1")," + larval","") & IF(OR(K24=1,K24="1")," + viviparous",""), 4,999), IF( (COUNTIF(I24:K24,"0")+COUNTIF(I24:K24,0))=3, "none", "unknown") ) ) -> direct | N24: =IFERROR(VALUE(INDEX(rawData!$Z:$Z, MATCH($A24, rawData!$E:$E, 0)))=VALUE($F24),"NA") -> TRUE | O24: =IFERROR(VALUE(INDEX(rawData!$AD:$AD, MATCH($A24, rawData!$E:$E, 0)))=VALUE($G24),"NA") -> TRUE | P24: =IFERROR(VALUE(INDEX(rawData!$AE:$AE, MATCH($A24, rawData!$E:$E, 0)))=VALUE($H24),"NA") -> TRUE | Q24: =IFERROR(INDEX(rawData!$F:$F, MATCH($A24, rawData!$E:$E, 0))=$B24,"NA") -> TRUE | R24: =IFERROR(INDEX(rawData!$G:$G, MATCH($A24, rawData!$E:$E, 0))=$C24,"NA") -> TRUE | S24: =IFERROR(INDEX(rawData!$H:$H, MATCH($A24, rawData!$E:$E, 0))=$D24,"NA") -> TRUE | T24: =IFERROR(INDEX(rawData!$I:$I, MATCH($A24, rawData!$E:$E, 0))=$E24,"NA") -> TRUE | U24: =IFERROR(VALUE(INDEX(rawData!$AI:$AI, MATCH($A24, rawData!$E:$E, 0)))=VALUE($I24),"NA") -> TRUE | V24: =IFERROR(VALUE(INDEX(rawData!$AJ:$AJ, MATCH($A24, rawData!$E:$E, 0)))=VALUE($J24),"NA") -> TRUE | W24: =IFERROR(VALUE(INDEX(rawData!$AK:$AK, MATCH($A24, rawData!$E:$E, 0)))=VALUE($K24),"NA") -> TRUE | X24: =IF(COUNTIF(O24:W24,FALSE)>0,FALSE,TRUE) -> TRUE | Y24: 25
A25: Paradoxophyla palmata | B25: 1 | C25: 1 | D25: 1 | E25: NA | F25: 25.6 | G25: 107 | H25: 408 | I25: 0 | J25: 1 | K25: 0 | L25: =IF( (COUNTIF(B25:E25,"1")+COUNTIF(B25:E25,1))=0, "unknown", MID( IF(OR(B25="1",B25=1)," + fossorial","") & IF(OR(C25="1",C25=1)," + terrestrial","") & IF(OR(D25="1",D25=1)," + aquatic","") & IF(OR(E25="1",E25=1)," + arboreal",""), 4, 999) ) -> fossorial + terrestrial + aquatic | M25: =IF( AND( (COUNTIF(I25:K25,"1")+COUNTIF(I25:K25,1))=0, (COUNTIF(I25:K25,"0")+COUNTIF(I25:K25,0))=0 ), "unknown", IF( (COUNTIF(I25:K25,"1")+COUNTIF(I25:K25,1))>0, MID( IF(OR(I25=1,I25="1")," + direct","") & IF(OR(J25=1,J25="1")," + larval","") & IF(OR(K25=1,K25="1")," + viviparous",""), 4,999), IF( (COUNTIF(I25:K25,"0")+COUNTIF(I25:K25,0))=3, "none", "unknown") ) ) -> larval | N25: =IFERROR(VALUE(INDEX(rawData!$Z:$Z, MATCH($A25, rawData!$E:$E, 0)))=VALUE($F25),"NA") -> TRUE | O25: =IFERROR(VALUE(INDEX(rawData!$AD:$AD, MATCH($A25, rawData!$E:$E, 0)))=VALUE($G25),"NA") -> TRUE | P25: =IFERROR(VALUE(INDEX(rawData!$AE:$AE, MATCH($A25, rawData!$E:$E, 0)))=VALUE($H25),"NA") -> TRUE | Q25: =IFERROR(INDEX(rawData!$F:$F, MATCH($A25, rawData!$E:$E, 0))=$B25,"NA") -> TRUE | R25: =IFERROR(INDEX(rawData!$G:$G, MATCH($A25, rawData!$E:$E, 0))=$C25,"NA") -> TRUE | S25: =IFERROR(INDEX(rawData!$H:$H, MATCH($A25, rawData!$E:$E, 0))=$D25,"NA") -> TRUE | T25: =IFERROR(INDEX(rawData!$I:$I, MATCH($A25, rawData!$E:$E, 0))=$E25,"NA") -> TRUE | U25: =IFERROR(VALUE(INDEX(rawData!$AI:$AI, MATCH($A25, rawData!$E:$E, 0)))=VALUE($I25),"NA") -> TRUE | V25: =IFERROR(VALUE(INDEX(rawData!$AJ:$AJ, MATCH($A25, rawData!$E:$E, 0)))=VALUE($J25),"NA") -> TRUE | W25: =IFERROR(VALUE(INDEX(rawData!$AK:$AK, MATCH($A25, rawData!$E:$E, 0)))=VALUE($K25),"NA") -> TRUE | X25: =IF(COUNTIF(O25:W25,FALSE)>0,FALSE,TRUE) -> TRUE | Y25: 26
A26: Hypsiboas rosenbergi | B26: NA | C26: 1 | D26: 1 | E26: 1 | F26: 95 | G26: 265 | H26: 2500 | I26: 0 | J26: 1 | K26: 0 | L26: =IF( (COUNTIF(B26:E26,"1")+COUNTIF(B26:E26,1))=0, "unknown", MID( IF(OR(B26="1",B26=1)," + fossorial","") & IF(OR(C26="1",C26=1)," + terrestrial","") & IF(OR(D26="1",D26=1)," + aquatic","") & IF(OR(E26="1",E26=1)," + arboreal",""), 4, 999) ) -> terrestrial + aquatic + arboreal | M26: =IF( AND( (COUNTIF(I26:K26,"1")+COUNTIF(I26:K26,1))=0, (COUNTIF(I26:K26,"0")+COUNTIF(I26:K26,0))=0 ), "unknown", IF( (COUNTIF(I26:K26,"1")+COUNTIF(I26:K26,1))>0, MID( IF(OR(I26=1,I26="1")," + direct","") & IF(OR(J26=1,J26="1")," + larval","") & IF(OR(K26=1,K26="1")," + viviparous",""), 4,999), IF( (COUNTIF(I26:K26,"0")+COUNTIF(I26:K26,0))=3, "none", "unknown") ) ) -> larval | N26: =IFERROR(VALUE(INDEX(rawData!$Z:$Z, MATCH($A26, rawData!$E:$E, 0)))=VALUE($F26),"NA") -> TRUE | O26: =IFERROR(VALUE(INDEX(rawData!$AD:$AD, MATCH($A26, rawData!$E:$E, 0)))=VALUE($G26),"NA") -> TRUE | P26: =IFERROR(VALUE(INDEX(rawData!$AE:$AE, MATCH($A26, rawData!$E:$E, 0)))=VALUE($H26),"NA") -> TRUE | Q26: =IFERROR(INDEX(rawData!$F:$F, MATCH($A26, rawData!$E:$E, 0))=$B26,"NA") -> TRUE | R26: =IFERROR(INDEX(rawData!$G:$G, MATCH($A26, rawData!$E:$E, 0))=$C26,"NA") -> TRUE | S26: =IFERROR(INDEX(rawData!$H:$H, MATCH($A26, rawData!$E:$E, 0))=$D26,"NA") -> TRUE | T26: =IFERROR(INDEX(rawData!$I:$I, MATCH($A26, rawData!$E:$E, 0))=$E26,"NA") -> TRUE | U26: =IFERROR(VALUE(INDEX(rawData!$AI:$AI, MATCH($A26, rawData!$E:$E, 0)))=VALUE($I26),"NA") -> TRUE | V26: =IFERROR(VALUE(INDEX(rawData!$AJ:$AJ, MATCH($A26, rawData!$E:$E, 0)))=VALUE($J26),"NA") -> TRUE | W26: =IFERROR(VALUE(INDEX(rawData!$AK:$AK, MATCH($A26, rawData!$E:$E, 0)))=VALUE($K26),"NA") -> TRUE | X26: =IF(COUNTIF(O26:W26,FALSE)>0,FALSE,TRUE) -> TRUE | Y26: 27
A27: Rana ornativentris | B27: NA | C27: 1 | D27: 1 | E27: 1 | F27: 78 | G27: 1000 | H27: 1900 | I27: 0 | J27: 1 | K27: 0 | L27: =IF( (COUNTIF(B27:E27,"1")+COUNTIF(B27:E27,1))=0, "unknown", MID( IF(OR(B27="1",B27=1)," + fossorial","") & IF(OR(C27="1",C27=1)," + terrestrial","") & IF(OR(D27="1",D27=1)," + aquatic","") & IF(OR(E27="1",E27=1)," + arboreal",""), 4, 999) ) -> terrestrial + aquatic + arboreal | M27: =IF( AND( (COUNTIF(I27:K27,"1")+COUNTIF(I27:K27,1))=0, (COUNTIF(I27:K27,"0")+COUNTIF(I27:K27,0))=0 ), "unknown", IF( (COUNTIF(I27:K27,"1")+COUNTIF(I27:K27,1))>0, MID( IF(OR(I27=1,I27="1")," + direct","") & IF(OR(J27=1,J27="1")," + larval","") & IF(OR(K27=1,K27="1")," + viviparous",""), 4,999), IF( (COUNTIF(I27:K27,"0")+COUNTIF(I27:K27,0))=3, "none", "unknown") ) ) -> larval | N27: =IFERROR(VALUE(INDEX(rawData!$Z:$Z, MATCH($A27, rawData!$E:$E, 0)))=VALUE($F27),"NA") -> TRUE | O27: =IFERROR(VALUE(INDEX(rawData!$AD:$AD, MATCH($A27, rawData!$E:$E, 0)))=VALUE($G27),"NA") -> TRUE | P27: =IFERROR(VALUE(INDEX(rawData!$AE:$AE, MATCH($A27, rawData!$E:$E, 0)))=VALUE($H27),"NA") -> TRUE | Q27: =IFERROR(INDEX(rawData!$F:$F, MATCH($A27, rawData!$E:$E, 0))=$B27,"NA") -> TRUE | R27: =IFERROR(INDEX(rawData!$G:$G, MATCH($A27, rawData!$E:$E, 0))=$C27,"NA") -> TRUE | S27: =IFERROR(INDEX(rawData!$H:$H, MATCH($A27, rawData!$E:$E, 0))=$D27,"NA") -> TRUE | T27: =IFERROR(INDEX(rawData!$I:$I, MATCH($A27, rawData!$E:$E, 0))=$E27,"NA") -> TRUE | U27: =IFERROR(VALUE(INDEX(rawData!$AI:$AI, MATCH($A27, rawData!$E:$E, 0)))=VALUE($I27),"NA") -> TRUE | V27: =IFERROR(VALUE(INDEX(rawData!$AJ:$AJ, MATCH($A27, rawData!$E:$E, 0)))=VALUE($J27),"NA") -> TRUE | W27: =IFERROR(VALUE(INDEX(rawData!$AK:$AK, MATCH($A27, rawData!$E:$E, 0)))=VALUE($K27),"NA") -> TRUE | X27: =IF(COUNTIF(O27:W27,FALSE)>0,FALSE,TRUE) -> TRUE | Y27: 30
A28: Ischnocnema juipoca | B28: NA | C28: 1 | D28: NA | E28: NA | F28: 26.26 | G28: 15 | H28: 15 | I28: 1 | J28: 0 | K28: 0 | L28: =IF( (COUNTIF(B28:E28,"1")+COUNTIF(B28:E28,1))=0, "unknown", MID( IF(OR(B28="1",B28=1)," + fossorial","") & IF(OR(C28="1",C28=1)," + terrestrial","") & IF(OR(D28="1",D28=1)," + aquatic","") & IF(OR(E28="1",E28=1)," + arboreal",""), 4, 999) ) -> terrestrial | M28: =IF( AND( (COUNTIF(I28:K28,"1")+COUNTIF(I28:K28,1))=0, (COUNTIF(I28:K28,"0")+COUNTIF(I28:K28,0))=0 ), "unknown", IF( (COUNTIF(I28:K28,"1")+COUNTIF(I28:K28,1))>0, MID( IF(OR(I28=1,I28="1")," + direct","") & IF(OR(J28=1,J28="1")," + larval","") & IF(OR(K28=1,K28="1")," + viviparous",""), 4,999), IF( (COUNTIF(I28:K28,"0")+COUNTIF(I28:K28,0))=3, "none", "unknown") ) ) -> direct | N28: =IFERROR(VALUE(INDEX(rawData!$Z:$Z, MATCH($A28, rawData!$E:$E, 0)))=VALUE($F28),"NA") -> TRUE | O28: =IFERROR(VALUE(INDEX(rawData!$AD:$AD, MATCH($A28, rawData!$E:$E, 0)))=VALUE($G28),"NA") -> TRUE | P28: =IFERROR(VALUE(INDEX(rawData!$AE:$AE, MATCH($A28, rawData!$E:$E, 0)))=VALUE($H28),"NA") -> TRUE | Q28: =IFERROR(INDEX(rawData!$F:$F, MATCH($A28, rawData!$E:$E, 0))=$B28,"NA") -> TRUE | R28: =IFERROR(INDEX(rawData!$G:$G, MATCH($A28, rawData!$E:$E, 0))=$C28,"NA") -> TRUE | S28: =IFERROR(INDEX(rawData!$H:$H, MATCH($A28, rawData!$E:$E, 0))=$D28,"NA") -> TRUE | T28: =IFERROR(INDEX(rawData!$I:$I, MATCH($A28, rawData!$E:$E, 0))=$E28,"NA") -> TRUE | U28: =IFERROR(VALUE(INDEX(rawData!$AI:$AI, MATCH($A28, rawData!$E:$E, 0)))=VALUE($I28),"NA") -> TRUE | V28: =IFERROR(VALUE(INDEX(rawData!$AJ:$AJ, MATCH($A28, rawData!$E:$E, 0)))=VALUE($J28),"NA") -> TRUE | W28: =IFERROR(VALUE(INDEX(rawData!$AK:$AK, MATCH($A28, rawData!$E:$E, 0)))=VALUE($K28),"NA") -> TRUE | X28: =IF(COUNTIF(O28:W28,FALSE)>0,FALSE,TRUE) -> TRUE | Y28: 37
A29: Hyalinobatrachium colymbiphyllum | B29: NA | C29: 1 | D29: 1 | E29: 1 | F29: 29 | G29: 50 | H29: 180 | I29: 0 | J29: 1 | K29: 0 | L29: =IF( (COUNTIF(B29:E29,"1")+COUNTIF(B29:E29,1))=0, "unknown", MID( IF(OR(B29="1",B29=1)," + fossorial","") & IF(OR(C29="1",C29=1)," + terrestrial","") & IF(OR(D29="1",D29=1)," + aquatic","") & IF(OR(E29="1",E29=1)," + arboreal",""), 4, 999) ) -> terrestrial + aquatic + arboreal | M29: =IF( AND( (COUNTIF(I29:K29,"1")+COUNTIF(I29:K29,1))=0, (COUNTIF(I29:K29,"0")+COUNTIF(I29:K29,0))=0 ), "unknown", IF( (COUNTIF(I29:K29,"1")+COUNTIF(I29:K29,1))>0, MID( IF(OR(I29=1,I29="1")," + direct","") & IF(OR(J29=1,J29="1")," + larval","") & IF(OR(K29=1,K29="1")," + viviparous",""), 4,999), IF( (COUNTIF(I29:K29,"0")+COUNTIF(I29:K29,0))=3, "none", "unknown") ) ) -> larval | N29: =IFERROR(VALUE(INDEX(rawData!$Z:$Z, MATCH($A29, rawData!$E:$E, 0)))=VALUE($F29),"NA") -> TRUE | O29: =IFERROR(VALUE(INDEX(rawData!$AD:$AD, MATCH($A29, rawData!$E:$E, 0)))=VALUE($G29),"NA") -> TRUE | P29: =IFERROR(VALUE(INDEX(rawData!$AE:$AE, MATCH($A29, rawData!$E:$E, 0)))=VALUE($H29),"NA") -> TRUE | Q29: =IFERROR(INDEX(rawData!$F:$F, MATCH($A29, rawData!$E:$E, 0))=$B29,"NA") -> TRUE | R29: =IFERROR(INDEX(rawData!$G:$G, MATCH($A29, rawData!$E:$E, 0))=$C29,"NA") -> TRUE | S29: =IFERROR(INDEX(rawData!$H:$H, MATCH($A29, rawData!$E:$E, 0))=$D29,"NA") -> TRUE | T29: =IFERROR(INDEX(rawData!$I:$I, MATCH($A29, rawData!$E:$E, 0))=$E29,"NA") -> TRUE | U29: =IFERROR(VALUE(INDEX(rawData!$AI:$AI, MATCH($A29, rawData!$E:$E, 0)))=VALUE($I29),"NA") -> TRUE | V29: =IFERROR(VALUE(INDEX(rawData!$AJ:$AJ, MATCH($A29, rawData!$E:$E, 0)))=VALUE($J29),"NA") -> TRUE | W29: =IFERROR(VALUE(INDEX(rawData!$AK:$AK, MATCH($A29, rawData!$E:$E, 0)))=VALUE($K29),"NA") -> TRUE | X29: =IF(COUNTIF(O29:W29,FALSE)>0,FALSE,TRUE) -> TRUE | Y29: 37
A30: Hyperolius pickersgilli | B30: NA | C30: 1 | D30: NA | E30: 1 | F30: 30 | G30: 50 | H30: 50 | I30: 0 | J30: 1 | K30: 0 | L30: =IF( (COUNTIF(B30:E30,"1")+COUNTIF(B30:E30,1))=0, "unknown", MID( IF(OR(B30="1",B30=1)," + fossorial","") & IF(OR(C30="1",C30=1)," + terrestrial","") & IF(OR(D30="1",D30=1)," + aquatic","") & IF(OR(E30="1",E30=1)," + arboreal",""), 4, 999) ) -> terrestrial + arboreal | M30: =IF( AND( (COUNTIF(I30:K30,"1")+COUNTIF(I30:K30,1))=0, (COUNTIF(I30:K30,"0")+COUNTIF(I30:K30,0))=0 ), "unknown", IF( (COUNTIF(I30:K30,"1")+COUNTIF(I30:K30,1))>0, MID( IF(OR(I30=1,I30="1")," + direct","") & IF(OR(J30=1,J30="1")," + larval","") & IF(OR(K30=1,K30="1")," + viviparous",""), 4,999), IF( (COUNTIF(I30:K30,"0")+COUNTIF(I30:K30,0))=3, "none", "unknown") ) ) -> larval | N30: =IFERROR(VALUE(INDEX(rawData!$Z:$Z, MATCH($A30, rawData!$E:$E, 0)))=VALUE($F30),"NA") -> TRUE | O30: =IFERROR(VALUE(INDEX(rawData!$AD:$AD, MATCH($A30, rawData!$E:$E, 0)))=VALUE($G30),"NA") -> TRUE | P30: =IFERROR(VALUE(INDEX(rawData!$AE:$AE, MATCH($A30, rawData!$E:$E, 0)))=VALUE($H30),"NA") -> TRUE | Q30: =IFERROR(INDEX(rawData!$F:$F, MATCH($A30, rawData!$E:$E, 0))=$B30,"NA") -> TRUE | R30: =IFERROR(INDEX(rawData!$G:$G, MATCH($A30, rawData!$E:$E, 0))=$C30,"NA") -> TRUE | S30: =IFERROR(INDEX(rawData!$H:$H, MATCH($A30, rawData!$E:$E, 0))=$D30,"NA") -> TRUE | T30: =IFERROR(INDEX(rawData!$I:$I, MATCH($A30, rawData!$E:$E, 0))=$E30,"NA") -> TRUE | U30: =IFERROR(VALUE(INDEX(rawData!$AI:$AI, MATCH($A30, rawData!$E:$E, 0)))=VALUE($I30),"NA") -> TRUE | V30: =IFERROR(VALUE(INDEX(rawData!$AJ:$AJ, MATCH($A30, rawData!$E:$E, 0)))=VALUE($J30),"NA") -> TRUE | W30: =IFERROR(VALUE(INDEX(rawData!$AK:$AK, MATCH($A30, rawData!$E:$E, 0)))=VALUE($K30),"NA") -> TRUE | X30: =IF(COUNTIF(O30:W30,FALSE)>0,FALSE,TRUE) -> TRUE | Y30: 37
A31: Pelophylax bergeri | B31: NA | C31: 1 | D31: 1 | E31: NA | F31: 80 | G31: 3000 | H31: 3000 | I31: 0 | J31: 1 | K31: 0 | L31: =IF( (COUNTIF(B31:E31,"1")+COUNTIF(B31:E31,1))=0, "unknown", MID( IF(OR(B31="1",B31=1)," + fossorial","") & IF(OR(C31="1",C31=1)," + terrestrial","") & IF(OR(D31="1",D31=1)," + aquatic","") & IF(OR(E31="1",E31=1)," + arboreal",""), 4, 999) ) -> terrestrial + aquatic | M31: =IF( AND( (COUNTIF(I31:K31,"1")+COUNTIF(I31:K31,1))=0, (COUNTIF(I31:K31,"0")+COUNTIF(I31:K31,0))=0 ), "unknown", IF( (COUNTIF(I31:K31,"1")+COUNTIF(I31:K31,1))>0, MID( IF(OR(I31=1,I31="1")," + direct","") & IF(OR(J31=1,J31="1")," + larval","") & IF(OR(K31=1,K31="1")," + viviparous",""), 4,999), IF( (COUNTIF(I31:K31,"0")+COUNTIF(I31:K31,0))=3, "none", "unknown") ) ) -> larval | N31: =IFERROR(VALUE(INDEX(rawData!$Z:$Z, MATCH($A31, rawData!$E:$E, 0)))=VALUE($F31),"NA") -> TRUE | O31: =IFERROR(VALUE(INDEX(rawData!$AD:$AD, MATCH($A31, rawData!$E:$E, 0)))=VALUE($G31),"NA") -> TRUE | P31: =IFERROR(VALUE(INDEX(rawData!$AE:$AE, MATCH($A31, rawData!$E:$E, 0)))=VALUE($H31),"NA") -> TRUE | Q31: =IFERROR(INDEX(rawData!$F:$F, MATCH($A31, rawData!$E:$E, 0))=$B31,"NA") -> TRUE | R31: =IFERROR(INDEX(rawData!$G:$G, MATCH($A31, rawData!$E:$E, 0))=$C31,"NA") -> TRUE | S31: =IFERROR(INDEX(rawData!$H:$H, MATCH($A31, rawData!$E:$E, 0))=$D31,"NA") -> TRUE | T31: =IFERROR(INDEX(rawData!$I:$I, MATCH($A31, rawData!$E:$E, 0))=$E31,"NA") -> TRUE | U31: =IFERROR(VALUE(INDEX(rawData!$AI:$AI, MATCH($A31, rawData!$E:$E, 0)))=VALUE($I31),"NA") -> TRUE | V31: =IFERROR(VALUE(INDEX(rawData!$AJ:$AJ, MATCH($A31, rawData!$E:$E, 0)))=VALUE($J31),"NA") -> TRUE | W31: =IFERROR(VALUE(INDEX(rawData!$AK:$AK, MATCH($A31, rawData!$E:$E, 0)))=VALUE($K31),"NA") -> TRUE | X31: =IF(COUNTIF(O31:W31,FALSE)>0,FALSE,TRUE) -> TRUE | Y31: 38
A32: Pristimantis lanthanites | B32: NA | C32: 1 | D32: NA | E32: 1 | F32: 46 | G32: 20 | H32: 332 | I32: 1 | J32: 0 | K32: 0 | L32: =IF( (COUNTIF(B32:E32,"1")+COUNTIF(B32:E32,1))=0, "unknown", MID( IF(OR(B32="1",B32=1)," + fossorial","") & IF(OR(C32="1",C32=1)," + terrestrial","") & IF(OR(D32="1",D32=1)," + aquatic","") & IF(OR(E32="1",E32=1)," + arboreal",""), 4, 999) ) -> terrestrial + arboreal | M32: =IF( AND( (COUNTIF(I32:K32,"1")+COUNTIF(I32:K32,1))=0, (COUNTIF(I32:K32,"0")+COUNTIF(I32:K32,0))=0 ), "unknown", IF( (COUNTIF(I32:K32,"1")+COUNTIF(I32:K32,1))>0, MID( IF(OR(I32=1,I32="1")," + direct","") & IF(OR(J32=1,J32="1")," + larval","") & IF(OR(K32=1,K32="1")," + viviparous",""), 4,999), IF( (COUNTIF(I32:K32,"0")+COUNTIF(I32:K32,0))=3, "none", "unknown") ) ) -> direct | N32: =IFERROR(VALUE(INDEX(rawData!$Z:$Z, MATCH($A32, rawData!$E:$E, 0)))=VALUE($F32),"NA") -> TRUE | O32: =IFERROR(VALUE(INDEX(rawData!$AD:$AD, MATCH($A32, rawData!$E:$E, 0)))=VALUE($G32),"NA") -> TRUE | P32: =IFERROR(VALUE(INDEX(rawData!$AE:$AE, MATCH($A32, rawData!$E:$E, 0)))=VALUE($H32),"NA") -> TRUE | Q32: =IFERROR(INDEX(rawData!$F:$F, MATCH($A32, rawData!$E:$E, 0))=$B32,"NA") -> TRUE | R32: =IFERROR(INDEX(rawData!$G:$G, MATCH($A32, rawData!$E:$E, 0))=$C32,"NA") -> TRUE | S32: =IFERROR(INDEX(rawData!$H:$H, MATCH($A32, rawData!$E:$E, 0))=$D32,"NA") -> TRUE | T32: =IFERROR(INDEX(rawData!$I:$I, MATCH($A32, rawData!$E:$E, 0))=$E32,"NA") -> TRUE | U32: =IFERROR(VALUE(INDEX(rawData!$AI:$AI, MATCH($A32, rawData!$E:$E, 0)))=VALUE($I32),"NA") -> TRUE | V32: =IFERROR(VALUE(INDEX(rawData!$AJ:$AJ, MATCH($A32, rawData!$E:$E, 0)))=VALUE($J32),"NA") -> TRUE | W32: =IFERROR(VALUE(INDEX(rawData!$AK:$AK, MATCH($A32, rawData!$E:$E, 0)))=VALUE($K32),"NA") -> TRUE | X32: =IF(COUNTIF(O32:W32,FALSE)>0,FALSE,TRUE) -> TRUE | Y32: 38
A33: Salamandra algira | B33: NA | C33: 1 | D33: 1 | E33: NA | F33: 226 | G33: 7 | H33: 22 | I33: 0 | J33: 0 | K33: 1 | L33: =IF( (COUNTIF(B33:E33,"1")+COUNTIF(B33:E33,1))=0, "unknown", MID( IF(OR(B33="1",B33=1)," + fossorial","") & IF(OR(C33="1",C33=1)," + terrestrial","") & IF(OR(D33="1",D33=1)," + aquatic","") & IF(OR(E33="1",E33=1)," + arboreal",""), 4, 999) ) -> terrestrial + aquatic | M33: =IF( AND( (COUNTIF(I33:K33,"1")+COUNTIF(I33:K33,1))=0, (COUNTIF(I33:K33,"0")+COUNTIF(I33:K33,0))=0 ), "unknown", IF( (COUNTIF(I33:K33,"1")+COUNTIF(I33:K33,1))>0, MID( IF(OR(I33=1,I33="1")," + direct","") & IF(OR(J33=1,J33="1")," + larval","") & IF(OR(K33=1,K33="1")," + viviparous",""), 4,999), IF( (COUNTIF(I33:K33,"0")+COUNTIF(I33:K33,0))=3, "none", "unknown") ) ) -> viviparous | N33: =IFERROR(VALUE(INDEX(rawData!$Z:$Z, MATCH($A33, rawData!$E:$E, 0)))=VALUE($F33),"NA") -> TRUE | O33: =IFERROR(VALUE(INDEX(rawData!$AD:$AD, MATCH($A33, rawData!$E:$E, 0)))=VALUE($G33),"NA") -> TRUE | P33: =IFERROR(VALUE(INDEX(rawData!$AE:$AE, MATCH($A33, rawData!$E:$E, 0)))=VALUE($H33),"NA") -> TRUE | Q33: =IFERROR(INDEX(rawData!$F:$F, MATCH($A33, rawData!$E:$E, 0))=$B33,"NA") -> TRUE | R33: =IFERROR(INDEX(rawData!$G:$G, MATCH($A33, rawData!$E:$E, 0))=$C33,"NA") -> TRUE | S33: =IFERROR(INDEX(rawData!$H:$H, MATCH($A33, rawData!$E:$E, 0))=$D33,"NA") -> TRUE | T33: =IFERROR(INDEX(rawData!$I:$I, MATCH($A33, rawData!$E:$E, 0))=$E33,"NA") -> TRUE | U33: =IFERROR(VALUE(INDEX(rawData!$AI:$AI, MATCH($A33, rawData!$E:$E, 0)))=VALUE($I33),"NA") -> TRUE | V33: =IFERROR(VALUE(INDEX(rawData!$AJ:$AJ, MATCH($A33, rawData!$E:$E, 0)))=VALUE($J33),"NA") -> TRUE | W33: =IFERROR(VALUE(INDEX(rawData!$AK:$AK, MATCH($A33, rawData!$E:$E, 0)))=VALUE($K33),"NA") -> TRUE | X33: =IF(COUNTIF(O33:W33,FALSE)>0,FALSE,TRUE) -> TRUE | Y33: 39
A34: Eleutherodactylus guantanamera | B34: NA | C34: 1 | D34: NA | E34: 1 | F34: 37.3 | G34: 5 | H34: 13 | I34: 1 | J34: 0 | K34: 0 | L34: =IF( (COUNTIF(B34:E34,"1")+COUNTIF(B34:E34,1))=0, "unknown", MID( IF(OR(B34="1",B34=1)," + fossorial","") & IF(OR(C34="1",C34=1)," + terrestrial","") & IF(OR(D34="1",D34=1)," + aquatic","") & IF(OR(E34="1",E34=1)," + arboreal",""), 4, 999) ) -> terrestrial + arboreal | M34: =IF( AND( (COUNTIF(I34:K34,"1")+COUNTIF(I34:K34,1))=0, (COUNTIF(I34:K34,"0")+COUNTIF(I34:K34,0))=0 ), "unknown", IF( (COUNTIF(I34:K34,"1")+COUNTIF(I34:K34,1))>0, MID( IF(OR(I34=1,I34="1")," + direct","") & IF(OR(J34=1,J34="1")," + larval","") & IF(OR(K34=1,K34="1")," + viviparous",""), 4,999), IF( (COUNTIF(I34:K34,"0")+COUNTIF(I34:K34,0))=3, "none", "unknown") ) ) -> direct | N34: =IFERROR(VALUE(INDEX(rawData!$Z:$Z, MATCH($A34, rawData!$E:$E, 0)))=VALUE($F34),"NA") -> TRUE | O34: =IFERROR(VALUE(INDEX(rawData!$AD:$AD, MATCH($A34, rawData!$E:$E, 0)))=VALUE($G34),"NA") -> TRUE | P34: =IFERROR(VALUE(INDEX(rawData!$AE:$AE, MATCH($A34, rawData!$E:$E, 0)))=VALUE($H34),"NA") -> TRUE | Q34: =IFERROR(INDEX(rawData!$F:$F, MATCH($A34, rawData!$E:$E, 0))=$B34,"NA") -> TRUE | R34: =IFERROR(INDEX(rawData!$G:$G, MATCH($A34, rawData!$E:$E, 0))=$C34,"NA") -> TRUE | S34: =IFERROR(INDEX(rawData!$H:$H, MATCH($A34, rawData!$E:$E, 0))=$D34,"NA") -> TRUE | T34: =IFERROR(INDEX(rawData!$I:$I, MATCH($A34, rawData!$E:$E, 0))=$E34,"NA") -> TRUE | U34: =IFERROR(VALUE(INDEX(rawData!$AI:$AI, MATCH($A34, rawData!$E:$E, 0)))=VALUE($I34),"NA") -> TRUE | V34: =IFERROR(VALUE(INDEX(rawData!$AJ:$AJ, MATCH($A34, rawData!$E:$E, 0)))=VALUE($J34),"NA") -> TRUE | W34: =IFERROR(VALUE(INDEX(rawData!$AK:$AK, MATCH($A34, rawData!$E:$E, 0)))=VALUE($K34),"NA") -> TRUE | X34: =IF(COUNTIF(O34:W34,FALSE)>0,FALSE,TRUE) -> TRUE | Y34: 40
A35: Litoria platycephala | B35: 1 | C35: 1 | D35: NA | E35: NA | F35: 60 | G35: 500 | H35: 1700 | I35: 0 | J35: 1 | K35: 0 | L35: =IF( (COUNTIF(B35:E35,"1")+COUNTIF(B35:E35,1))=0, "unknown", MID( IF(OR(B35="1",B35=1)," + fossorial","") & IF(OR(C35="1",C35=1)," + terrestrial","") & IF(OR(D35="1",D35=1)," + aquatic","") & IF(OR(E35="1",E35=1)," + arboreal",""), 4, 999) ) -> fossorial + terrestrial | M35: =IF( AND( (COUNTIF(I35:K35,"1")+COUNTIF(I35:K35,1))=0, (COUNTIF(I35:K35,"0")+COUNTIF(I35:K35,0))=0 ), "unknown", IF( (COUNTIF(I35:K35,"1")+COUNTIF(I35:K35,1))>0, MID( IF(OR(I35=1,I35="1")," + direct","") & IF(OR(J35=1,J35="1")," + larval","") & IF(OR(K35=1,K35="1")," + viviparous",""), 4,999), IF( (COUNTIF(I35:K35,"0")+COUNTIF(I35:K35,0))=3, "none", "unknown") ) ) -> larval | N35: =IFERROR(VALUE(INDEX(rawData!$Z:$Z, MATCH($A35, rawData!$E:$E, 0)))=VALUE($F35),"NA") -> TRUE | O35: =IFERROR(VALUE(INDEX(rawData!$AD:$AD, MATCH($A35, rawData!$E:$E, 0)))=VALUE($G35),"NA") -> TRUE | P35: =IFERROR(VALUE(INDEX(rawData!$AE:$AE, MATCH($A35, rawData!$E:$E, 0)))=VALUE($H35),"NA") -> TRUE | Q35: =IFERROR(INDEX(rawData!$F:$F, MATCH($A35, rawData!$E:$E, 0))=$B35,"NA") -> TRUE | R35: =IFERROR(INDEX(rawData!$G:$G, MATCH($A35, rawData!$E:$E, 0))=$C35,"NA") -> TRUE | S35: =IFERROR(INDEX(rawData!$H:$H, MATCH($A35, rawData!$E:$E, 0))=$D35,"NA") -> TRUE | T35: =IFERROR(INDEX(rawData!$I:$I, MATCH($A35, rawData!$E:$E, 0))=$E35,"NA") -> TRUE | U35: =IFERROR(VALUE(INDEX(rawData!$AI:$AI, MATCH($A35, rawData!$E:$E, 0)))=VALUE($I35),"NA") -> TRUE | V35: =IFERROR(VALUE(INDEX(rawData!$AJ:$AJ, MATCH($A35, rawData!$E:$E, 0)))=VALUE($J35),"NA") -> TRUE | W35: =IFERROR(VALUE(INDEX(rawData!$AK:$AK, MATCH($A35, rawData!$E:$E, 0)))=VALUE($K35),"NA") -> TRUE | X35: =IF(COUNTIF(O35:W35,FALSE)>0,FALSE,TRUE) -> TRUE | Y35: 41
A36: Litoria watjulumensis | B36: NA | C36: 1 | D36: 1 | E36: 1 | F36: 75 | G36: 30 | H36: 200 | I36: 0 | J36: 1 | K36: 0 | L36: =IF( (COUNTIF(B36:E36,"1")+COUNTIF(B36:E36,1))=0, "unknown", MID( IF(OR(B36="1",B36=1)," + fossorial","") & IF(OR(C36="1",C36=1)," + terrestrial","") & IF(OR(D36="1",D36=1)," + aquatic","") & IF(OR(E36="1",E36=1)," + arboreal",""), 4, 999) ) -> terrestrial + aquatic + arboreal | M36: =IF( AND( (COUNTIF(I36:K36,"1")+COUNTIF(I36:K36,1))=0, (COUNTIF(I36:K36,"0")+COUNTIF(I36:K36,0))=0 ), "unknown", IF( (COUNTIF(I36:K36,"1")+COUNTIF(I36:K36,1))>0, MID( IF(OR(I36=1,I36="1")," + direct","") & IF(OR(J36=1,J36="1")," + larval","") & IF(OR(K36=1,K36="1")," + viviparous",""), 4,999), IF( (COUNTIF(I36:K36,"0")+COUNTIF(I36:K36,0))=3, "none", "unknown") ) ) -> larval | N36: =IFERROR(VALUE(INDEX(rawData!$Z:$Z, MATCH($A36, rawData!$E:$E, 0)))=VALUE($F36),"NA") -> TRUE | O36: =IFERROR(VALUE(INDEX(rawData!$AD:$AD, MATCH($A36, rawData!$E:$E, 0)))=VALUE($G36),"NA") -> TRUE | P36: =IFERROR(VALUE(INDEX(rawData!$AE:$AE, MATCH($A36, rawData!$E:$E, 0)))=VALUE($H36),"NA") -> TRUE | Q36: =IFERROR(INDEX(rawData!$F:$F, MATCH($A36, rawData!$E:$E, 0))=$B36,"NA") -> TRUE | R36: =IFERROR(INDEX(rawData!$G:$G, MATCH($A36, rawData!$E:$E, 0))=$C36,"NA") -> TRUE | S36: =IFERROR(INDEX(rawData!$H:$H, MATCH($A36, rawData!$E:$E, 0))=$D36,"NA") -> TRUE | T36: =IFERROR(INDEX(rawData!$I:$I, MATCH($A36, rawData!$E:$E, 0))=$E36,"NA") -> TRUE | U36: =IFERROR(VALUE(INDEX(rawData!$AI:$AI, MATCH($A36, rawData!$E:$E, 0)))=VALUE($I36),"NA") -> TRUE | V36: =IFERROR(VALUE(INDEX(rawData!$AJ:$AJ, MATCH($A36, rawData!$E:$E, 0)))=VALUE($J36),"NA") -> TRUE | W36: =IFERROR(VALUE(INDEX(rawData!$AK:$AK, MATCH($A36, rawData!$E:$E, 0)))=VALUE($K36),"NA") -> TRUE | X36: =IF(COUNTIF(O36:W36,FALSE)>0,FALSE,TRUE) -> TRUE | Y36: 43
A37: Heleioporus inornatus | B37: 1 | C37: 1 | D37: 1 | E37: NA | F37: 73 | G37: 100 | H37: 250 | I37: 0 | J37: 1 | K37: 0 | L37: =IF( (COUNTIF(B37:E37,"1")+COUNTIF(B37:E37,1))=0, "unknown", MID( IF(OR(B37="1",B37=1)," + fossorial","") & IF(OR(C37="1",C37=1)," + terrestrial","") & IF(OR(D37="1",D37=1)," + aquatic","") & IF(OR(E37="1",E37=1)," + arboreal",""), 4, 999) ) -> fossorial + terrestrial + aquatic | M37: =IF( AND( (COUNTIF(I37:K37,"1")+COUNTIF(I37:K37,1))=0, (COUNTIF(I37:K37,"0")+COUNTIF(I37:K37,0))=0 ), "unknown", IF( (COUNTIF(I37:K37,"1")+COUNTIF(I37:K37,1))>0, MID( IF(OR(I37=1,I37="1")," + direct","") & IF(OR(J37=1,J37="1")," + larval","") & IF(OR(K37=1,K37="1")," + viviparous",""), 4,999), IF( (COUNTIF(I37:K37,"0")+COUNTIF(I37:K37,0))=3, "none", "unknown") ) ) -> larval | N37: =IFERROR(VALUE(INDEX(rawData!$Z:$Z, MATCH($A37, rawData!$E:$E, 0)))=VALUE($F37),"NA") -> TRUE | O37: =IFERROR(VALUE(INDEX(rawData!$AD:$AD, MATCH($A37, rawData!$E:$E, 0)))=VALUE($G37),"NA") -> TRUE | P37: =IFERROR(VALUE(INDEX(rawData!$AE:$AE, MATCH($A37, rawData!$E:$E, 0)))=VALUE($H37),"NA") -> TRUE | Q37: =IFERROR(INDEX(rawData!$F:$F, MATCH($A37, rawData!$E:$E, 0))=$B37,"NA") -> TRUE | R37: =IFERROR(INDEX(rawData!$G:$G, MATCH($A37, rawData!$E:$E, 0))=$C37,"NA") -> TRUE | S37: =IFERROR(INDEX(rawData!$H:$H, MATCH($A37, rawData!$E:$E, 0))=$D37,"NA") -> TRUE | T37: =IFERROR(INDEX(rawData!$I:$I, MATCH($A37, rawData!$E:$E, 0))=$E37,"NA") -> TRUE | U37: =IFERROR(VALUE(INDEX(rawData!$AI:$AI, MATCH($A37, rawData!$E:$E, 0)))=VALUE($I37),"NA") -> TRUE | V37: =IFERROR(VALUE(INDEX(rawData!$AJ:$AJ, MATCH($A37, rawData!$E:$E, 0)))=VALUE($J37),"NA") -> TRUE | W37: =IFERROR(VALUE(INDEX(rawData!$AK:$AK, MATCH($A37, rawData!$E:$E, 0)))=VALUE($K37),"NA") -> TRUE | X37: =IF(COUNTIF(O37:W37,FALSE)>0,FALSE,TRUE) -> TRUE | Y37: 43
A38: Litoria latopalmata | B38: NA | C38: 1 | D38: 1 | E38: 1 | F38: 40 | G38: 200 | H38: 200 | I38: 0 | J38: 1 | K38: 0 | L38: =IF( (COUNTIF(B38:E38,"1")+COUNTIF(B38:E38,1))=0, "unknown", MID( IF(OR(B38="1",B38=1)," + fossorial","") & IF(OR(C38="1",C38=1)," + terrestrial","") & IF(OR(D38="1",D38=1)," + aquatic","") & IF(OR(E38="1",E38=1)," + arboreal",""), 4, 999) ) -> terrestrial + aquatic + arboreal | M38: =IF( AND( (COUNTIF(I38:K38,"1")+COUNTIF(I38:K38,1))=0, (COUNTIF(I38:K38,"0")+COUNTIF(I38:K38,0))=0 ), "unknown", IF( (COUNTIF(I38:K38,"1")+COUNTIF(I38:K38,1))>0, MID( IF(OR(I38=1,I38="1")," + direct","") & IF(OR(J38=1,J38="1")," + larval","") & IF(OR(K38=1,K38="1")," + viviparous",""), 4,999), IF( (COUNTIF(I38:K38,"0")+COUNTIF(I38:K38,0))=3, "none", "unknown") ) ) -> larval | N38: =IFERROR(VALUE(INDEX(rawData!$Z:$Z, MATCH($A38, rawData!$E:$E, 0)))=VALUE($F38),"NA") -> TRUE | O38: =IFERROR(VALUE(INDEX(rawData!$AD:$AD, MATCH($A38, rawData!$E:$E, 0)))=VALUE($G38),"NA") -> TRUE | P38: =IFERROR(VALUE(INDEX(rawData!$AE:$AE, MATCH($A38, rawData!$E:$E, 0)))=VALUE($H38),"NA") -> TRUE | Q38: =IFERROR(INDEX(rawData!$F:$F, MATCH($A38, rawData!$E:$E, 0))=$B38,"NA") -> TRUE | R38: =IFERROR(INDEX(rawData!$G:$G, MATCH($A38, rawData!$E:$E, 0))=$C38,"NA") -> TRUE | S38: =IFERROR(INDEX(rawData!$H:$H, MATCH($A38, rawData!$E:$E, 0))=$D38,"NA") -> TRUE | T38: =IFERROR(INDEX(rawData!$I:$I, MATCH($A38, rawData!$E:$E, 0))=$E38,"NA") -> TRUE | U38: =IFERROR(VALUE(INDEX(rawData!$AI:$AI, MATCH($A38, rawData!$E:$E, 0)))=VALUE($I38),"NA") -> TRUE | V38: =IFERROR(VALUE(INDEX(rawData!$AJ:$AJ, MATCH($A38, rawData!$E:$E, 0)))=VALUE($J38),"NA") -> TRUE | W38: =IFERROR(VALUE(INDEX(rawData!$AK:$AK, MATCH($A38, rawData!$E:$E, 0)))=VALUE($K38),"NA") -> TRUE | X38: =IF(COUNTIF(O38:W38,FALSE)>0,FALSE,TRUE) -> TRUE | Y38: 47
A39: Syncope antenori | B39: NA | C39: 1 | D39: NA | E39: 1 | F39: 14 | G39: 5 | H39: 6 | I39: 1 | J39: 0 | K39: 0 | L39: =IF( (COUNTIF(B39:E39,"1")+COUNTIF(B39:E39,1))=0, "unknown", MID( IF(OR(B39="1",B39=1)," + fossorial","") & IF(OR(C39="1",C39=1)," + terrestrial","") & IF(OR(D39="1",D39=1)," + aquatic","") & IF(OR(E39="1",E39=1)," + arboreal",""), 4, 999) ) -> terrestrial + arboreal | M39: =IF( AND( (COUNTIF(I39:K39,"1")+COUNTIF(I39:K39,1))=0, (COUNTIF(I39:K39,"0")+COUNTIF(I39:K39,0))=0 ), "unknown", IF( (COUNTIF(I39:K39,"1")+COUNTIF(I39:K39,1))>0, MID( IF(OR(I39=1,I39="1")," + direct","") & IF(OR(J39=1,J39="1")," + larval","") & IF(OR(K39=1,K39="1")," + viviparous",""), 4,999), IF( (COUNTIF(I39:K39,"0")+COUNTIF(I39:K39,0))=3, "none", "unknown") ) ) -> direct | N39: =IFERROR(VALUE(INDEX(rawData!$Z:$Z, MATCH($A39, rawData!$E:$E, 0)))=VALUE($F39),"NA") -> TRUE | O39: =IFERROR(VALUE(INDEX(rawData!$AD:$AD, MATCH($A39, rawData!$E:$E, 0)))=VALUE($G39),"NA") -> TRUE | P39: =IFERROR(VALUE(INDEX(rawData!$AE:$AE, MATCH($A39, rawData!$E:$E, 0)))=VALUE($H39),"NA") -> TRUE | Q39: =IFERROR(INDEX(rawData!$F:$F, MATCH($A39, rawData!$E:$E, 0))=$B39,"NA") -> TRUE | R39: =IFERROR(INDEX(rawData!$G:$G, MATCH($A39, rawData!$E:$E, 0))=$C39,"NA") -> TRUE | S39: =IFERROR(INDEX(rawData!$H:$H, MATCH($A39, rawData!$E:$E, 0))=$D39,"NA") -> TRUE | T39: =IFERROR(INDEX(rawData!$I:$I, MATCH($A39, rawData!$E:$E, 0))=$E39,"NA") -> TRUE | U39: =IFERROR(VALUE(INDEX(rawData!$AI:$AI, MATCH($A39, rawData!$E:$E, 0)))=VALUE($I39),"NA") -> TRUE | V39: =IFERROR(VALUE(INDEX(rawData!$AJ:$AJ, MATCH($A39, rawData!$E:$E, 0)))=VALUE($J39),"NA") -> TRUE | W39: =IFERROR(VALUE(INDEX(rawData!$AK:$AK, MATCH($A39, rawData!$E:$E, 0)))=VALUE($K39),"NA") -> TRUE | X39: =IF(COUNTIF(O39:W39,FALSE)>0,FALSE,TRUE) -> TRUE | Y39: 48
A40: Alytes obstetricans | B40: 1 | C40: 1 | D40: 1 | E40: 1 | F40: 55 | G40: 53 | H40: 171 | I40: 0 | J40: 1 | K40: 0 | L40: =IF( (COUNTIF(B40:E40,"1")+COUNTIF(B40:E40,1))=0, "unknown", MID( IF(OR(B40="1",B40=1)," + fossorial","") & IF(OR(C40="1",C40=1)," + terrestrial","") & IF(OR(D40="1",D40=1)," + aquatic","") & IF(OR(E40="1",E40=1)," + arboreal",""), 4, 999) ) -> fossorial + terrestrial + aquatic + arboreal | M40: =IF( AND( (COUNTIF(I40:K40,"1")+COUNTIF(I40:K40,1))=0, (COUNTIF(I40:K40,"0")+COUNTIF(I40:K40,0))=0 ), "unknown", IF( (COUNTIF(I40:K40,"1")+COUNTIF(I40:K40,1))>0, MID( IF(OR(I40=1,I40="1")," + direct","") & IF(OR(J40=1,J40="1")," + larval","") & IF(OR(K40=1,K40="1")," + viviparous",""), 4,999), IF( (COUNTIF(I40:K40,"0")+COUNTIF(I40:K40,0))=3, "none", "unknown") ) ) -> larval | N40: =IFERROR(VALUE(INDEX(rawData!$Z:$Z, MATCH($A40, rawData!$E:$E, 0)))=VALUE($F40),"NA") -> TRUE | O40: =IFERROR(VALUE(INDEX(rawData!$AD:$AD, MATCH($A40, rawData!$E:$E, 0)))=VALUE($G40),"NA") -> TRUE | P40: =IFERROR(VALUE(INDEX(rawData!$AE:$AE, MATCH($A40, rawData!$E:$E, 0)))=VALUE($H40),"NA") -> TRUE | Q40: =IFERROR(INDEX(rawData!$F:$F, MATCH($A40, rawData!$E:$E, 0))=$B40,"NA") -> TRUE | R40: =IFERROR(INDEX(rawData!$G:$G, MATCH($A40, rawData!$E:$E, 0))=$C40,"NA") -> TRUE | S40: =IFERROR(INDEX(rawData!$H:$H, MATCH($A40, rawData!$E:$E, 0))=$D40,"NA") -> TRUE | T40: =IFERROR(INDEX(rawData!$I:$I, MATCH($A40, rawData!$E:$E, 0))=$E40,"NA") -> TRUE | U40: =IFERROR(VALUE(INDEX(rawData!$AI:$AI, MATCH($A40, rawData!$E:$E, 0)))=VALUE($I40),"NA") -> TRUE | V40: =IFERROR(VALUE(INDEX(rawData!$AJ:$AJ, MATCH($A40, rawData!$E:$E, 0)))=VALUE($J40),"NA") -> TRUE | W40: =IFERROR(VALUE(INDEX(rawData!$AK:$AK, MATCH($A40, rawData!$E:$E, 0)))=VALUE($K40),"NA") -> TRUE | X40: =IF(COUNTIF(O40:W40,FALSE)>0,FALSE,TRUE) -> TRUE | Y40: 49
A41: Ramanella nagaoi | B41: NA | C41: 1 | D41: NA | E41: 1 | F41: 31.5 | G41: 16 | H41: 24 | I41: 0 | J41: 1 | K41: 0 | L41: =IF( (COUNTIF(B41:E41,"1")+COUNTIF(B41:E41,1))=0, "unknown", MID( IF(OR(B41="1",B41=1)," + fossorial","") & IF(OR(C41="1",C41=1)," + terrestrial","") & IF(OR(D41="1",D41=1)," + aquatic","") & IF(OR(E41="1",E41=1)," + arboreal",""), 4, 999) ) -> terrestrial + arboreal | M41: =IF( AND( (COUNTIF(I41:K41,"1")+COUNTIF(I41:K41,1))=0, (COUNTIF(I41:K41,"0")+COUNTIF(I41:K41,0))=0 ), "unknown", IF( (COUNTIF(I41:K41,"1")+COUNTIF(I41:K41,1))>0, MID( IF(OR(I41=1,I41="1")," + direct","") & IF(OR(J41=1,J41="1")," + larval","") & IF(OR(K41=1,K41="1")," + viviparous",""), 4,999), IF( (COUNTIF(I41:K41,"0")+COUNTIF(I41:K41,0))=3, "none", "unknown") ) ) -> larval | N41: =IFERROR(VALUE(INDEX(rawData!$Z:$Z, MATCH($A41, rawData!$E:$E, 0)))=VALUE($F41),"NA") -> TRUE | O41: =IFERROR(VALUE(INDEX(rawData!$AD:$AD, MATCH($A41, rawData!$E:$E, 0)))=VALUE($G41),"NA") -> TRUE | P41: =IFERROR(VALUE(INDEX(rawData!$AE:$AE, MATCH($A41, rawData!$E:$E, 0)))=VALUE($H41),"NA") -> TRUE | Q41: =IFERROR(INDEX(rawData!$F:$F, MATCH($A41, rawData!$E:$E, 0))=$B41,"NA") -> TRUE | R41: =IFERROR(INDEX(rawData!$G:$G, MATCH($A41, rawData!$E:$E, 0))=$C41,"NA") -> TRUE | S41: =IFERROR(INDEX(rawData!$H:$H, MATCH($A41, rawData!$E:$E, 0))=$D41,"NA") -> TRUE | T41: =IFERROR(INDEX(rawData!$I:$I, MATCH($A41, rawData!$E:$E, 0))=$E41,"NA") -> TRUE | U41: =IFERROR(VALUE(INDEX(rawData!$AI:$AI, MATCH($A41, rawData!$E:$E, 0)))=VALUE($I41),"NA") -> TRUE | V41: =IFERROR(VALUE(INDEX(rawData!$AJ:$AJ, MATCH($A41, rawData!$E:$E, 0)))=VALUE($J41),"NA") -> TRUE | W41: =IFERROR(VALUE(INDEX(rawData!$AK:$AK, MATCH($A41, rawData!$E:$E, 0)))=VALUE($K41),"NA") -> TRUE | X41: =IF(COUNTIF(O41:W41,FALSE)>0,FALSE,TRUE) -> TRUE | Y41: 49
A42: Isthmohyla insolita | B42: NA | C42: 1 | D42: 1 | E42: NA | F42: 38 | G42: 23 | H42: 44 | I42: 0 | J42: 1 | K42: 0 | L42: =IF( (COUNTIF(B42:E42,"1")+COUNTIF(B42:E42,1))=0, "unknown", MID( IF(OR(B42="1",B42=1)," + fossorial","") & IF(OR(C42="1",C42=1)," + terrestrial","") & IF(OR(D42="1",D42=1)," + aquatic","") & IF(OR(E42="1",E42=1)," + arboreal",""), 4, 999) ) -> terrestrial + aquatic | M42: =IF( AND( (COUNTIF(I42:K42,"1")+COUNTIF(I42:K42,1))=0, (COUNTIF(I42:K42,"0")+COUNTIF(I42:K42,0))=0 ), "unknown", IF( (COUNTIF(I42:K42,"1")+COUNTIF(I42:K42,1))>0, MID( IF(OR(I42=1,I42="1")," + direct","") & IF(OR(J42=1,J42="1")," + larval","") & IF(OR(K42=1,K42="1")," + viviparous",""), 4,999), IF( (COUNTIF(I42:K42,"0")+COUNTIF(I42:K42,0))=3, "none", "unknown") ) ) -> larval | N42: =IFERROR(VALUE(INDEX(rawData!$Z:$Z, MATCH($A42, rawData!$E:$E, 0)))=VALUE($F42),"NA") -> TRUE | O42: =IFERROR(VALUE(INDEX(rawData!$AD:$AD, MATCH($A42, rawData!$E:$E, 0)))=VALUE($G42),"NA") -> TRUE | P42: =IFERROR(VALUE(INDEX(rawData!$AE:$AE, MATCH($A42, rawData!$E:$E, 0)))=VALUE($H42),"NA") -> TRUE | Q42: =IFERROR(INDEX(rawData!$F:$F, MATCH($A42, rawData!$E:$E, 0))=$B42,"NA") -> TRUE | R42: =IFERROR(INDEX(rawData!$G:$G, MATCH($A42, rawData!$E:$E, 0))=$C42,"NA") -> TRUE | S42: =IFERROR(INDEX(rawData!$H:$H, MATCH($A42, rawData!$E:$E, 0))=$D42,"NA") -> TRUE | T42: =IFERROR(INDEX(rawData!$I:$I, MATCH($A42, rawData!$E:$E, 0))=$E42,"NA") -> TRUE | U42: =IFERROR(VALUE(INDEX(rawData!$AI:$AI, MATCH($A42, rawData!$E:$E, 0)))=VALUE($I42),"NA") -> TRUE | V42: =IFERROR(VALUE(INDEX(rawData!$AJ:$AJ, MATCH($A42, rawData!$E:$E, 0)))=VALUE($J42),"NA") -> TRUE | W42: =IFERROR(VALUE(INDEX(rawData!$AK:$AK, MATCH($A42, rawData!$E:$E, 0)))=VALUE($K42),"NA") -> TRUE | X42: =IF(COUNTIF(O42:W42,FALSE)>0,FALSE,TRUE) -> TRUE | Y42: 50
A43: Anaxyrus retiformis | B43: NA | C43: 1 | D43: NA | E43: NA | F43: 60 | G43: 200 | H43: 200 | I43: 0 | J43: 1 | K43: 0 | L43: =IF( (COUNTIF(B43:E43,"1")+COUNTIF(B43:E43,1))=0, "unknown", MID( IF(OR(B43="1",B43=1)," + fossorial","") & IF(OR(C43="1",C43=1)," + terrestrial","") & IF(OR(D43="1",D43=1)," + aquatic","") & IF(OR(E43="1",E43=1)," + arboreal",""), 4, 999) ) -> terrestrial | M43: =IF( AND( (COUNTIF(I43:K43,"1")+COUNTIF(I43:K43,1))=0, (COUNTIF(I43:K43,"0")+COUNTIF(I43:K43,0))=0 ), "unknown", IF( (COUNTIF(I43:K43,"1")+COUNTIF(I43:K43,1))>0, MID( IF(OR(I43=1,I43="1")," + direct","") & IF(OR(J43=1,J43="1")," + larval","") & IF(OR(K43=1,K43="1")," + viviparous",""), 4,999), IF( (COUNTIF(I43:K43,"0")+COUNTIF(I43:K43,0))=3, "none", "unknown") ) ) -> larval | N43: =IFERROR(VALUE(INDEX(rawData!$Z:$Z, MATCH($A43, rawData!$E:$E, 0)))=VALUE($F43),"NA") -> TRUE | O43: =IFERROR(VALUE(INDEX(rawData!$AD:$AD, MATCH($A43, rawData!$E:$E, 0)))=VALUE($G43),"NA") -> TRUE | P43: =IFERROR(VALUE(INDEX(rawData!$AE:$AE, MATCH($A43, rawData!$E:$E, 0)))=VALUE($H43),"NA") -> TRUE | Q43: =IFERROR(INDEX(rawData!$F:$F, MATCH($A43, rawData!$E:$E, 0))=$B43,"NA") -> TRUE | R43: =IFERROR(INDEX(rawData!$G:$G, MATCH($A43, rawData!$E:$E, 0))=$C43,"NA") -> TRUE | S43: =IFERROR(INDEX(rawData!$H:$H, MATCH($A43, rawData!$E:$E, 0))=$D43,"NA") -> TRUE | T43: =IFERROR(INDEX(rawData!$I:$I, MATCH($A43, rawData!$E:$E, 0))=$E43,"NA") -> TRUE | U43: =IFERROR(VALUE(INDEX(rawData!$AI:$AI, MATCH($A43, rawData!$E:$E, 0)))=VALUE($I43),"NA") -> TRUE | V43: =IFERROR(VALUE(INDEX(rawData!$AJ:$AJ, MATCH($A43, rawData!$E:$E, 0)))=VALUE($J43),"NA") -> TRUE | W43: =IFERROR(VALUE(INDEX(rawData!$AK:$AK, MATCH($A43, rawData!$E:$E, 0)))=VALUE($K43),"NA") -> TRUE | X43: =IF(COUNTIF(O43:W43,FALSE)>0,FALSE,TRUE) -> TRUE | Y43: 52
A44: Hypsiboas lemai | B44: NA | C44: 1 | D44: NA | E44: 1 | F44: 40 | G44: 54 | H44: 300 | I44: 0 | J44: 1 | K44: 0 | L44: =IF( (COUNTIF(B44:E44,"1")+COUNTIF(B44:E44,1))=0, "unknown", MID( IF(OR(B44="1",B44=1)," + fossorial","") & IF(OR(C44="1",C44=1)," + terrestrial","") & IF(OR(D44="1",D44=1)," + aquatic","") & IF(OR(E44="1",E44=1)," + arboreal",""), 4, 999) ) -> terrestrial + arboreal | M44: =IF( AND( (COUNTIF(I44:K44,"1")+COUNTIF(I44:K44,1))=0, (COUNTIF(I44:K44,"0")+COUNTIF(I44:K44,0))=0 ), "unknown", IF( (COUNTIF(I44:K44,"1")+COUNTIF(I44:K44,1))>0, MID( IF(OR(I44=1,I44="1")," + direct","") & IF(OR(J44=1,J44="1")," + larval","") & IF(OR(K44=1,K44="1")," + viviparous",""), 4,999), IF( (COUNTIF(I44:K44,"0")+COUNTIF(I44:K44,0))=3, "none", "unknown") ) ) -> larval | N44: =IFERROR(VALUE(INDEX(rawData!$Z:$Z, MATCH($A44, rawData!$E:$E, 0)))=VALUE($F44),"NA") -> TRUE | O44: =IFERROR(VALUE(INDEX(rawData!$AD:$AD, MATCH($A44, rawData!$E:$E, 0)))=VALUE($G44),"NA") -> TRUE | P44: =IFERROR(VALUE(INDEX(rawData!$AE:$AE, MATCH($A44, rawData!$E:$E, 0)))=VALUE($H44),"NA") -> TRUE | Q44: =IFERROR(INDEX(rawData!$F:$F, MATCH($A44, rawData!$E:$E, 0))=$B44,"NA") -> TRUE | R44: =IFERROR(INDEX(rawData!$G:$G, MATCH($A44, rawData!$E:$E, 0))=$C44,"NA") -> TRUE | S44: =IFERROR(INDEX(rawData!$H:$H, MATCH($A44, rawData!$E:$E, 0))=$D44,"NA") -> TRUE | T44: =IFERROR(INDEX(rawData!$I:$I, MATCH($A44, rawData!$E:$E, 0))=$E44,"NA") -> TRUE | U44: =IFERROR(VALUE(INDEX(rawData!$AI:$AI, MATCH($A44, rawData!$E:$E, 0)))=VALUE($I44),"NA") -> TRUE | V44: =IFERROR(VALUE(INDEX(rawData!$AJ:$AJ, MATCH($A44, rawData!$E:$E, 0)))=VALUE($J44),"NA") -> TRUE | W44: =IFERROR(VALUE(INDEX(rawData!$AK:$AK, MATCH($A44, rawData!$E:$E, 0)))=VALUE($K44),"NA") -> TRUE | X44: =IF(COUNTIF(O44:W44,FALSE)>0,FALSE,TRUE) -> TRUE | Y44: 52
A45: Anhydrophryne rattrayi | B45: NA | C45: 1 | D45: 1 | E45: NA | F45: 23 | G45: 11 | H45: 20 | I45: 1 | J45: 0 | K45: 0 | L45: =IF( (COUNTIF(B45:E45,"1")+COUNTIF(B45:E45,1))=0, "unknown", MID( IF(OR(B45="1",B45=1)," + fossorial","") & IF(OR(C45="1",C45=1)," + terrestrial","") & IF(OR(D45="1",D45=1)," + aquatic","") & IF(OR(E45="1",E45=1)," + arboreal",""), 4, 999) ) -> terrestrial + aquatic | M45: =IF( AND( (COUNTIF(I45:K45,"1")+COUNTIF(I45:K45,1))=0, (COUNTIF(I45:K45,"0")+COUNTIF(I45:K45,0))=0 ), "unknown", IF( (COUNTIF(I45:K45,"1")+COUNTIF(I45:K45,1))>0, MID( IF(OR(I45=1,I45="1")," + direct","") & IF(OR(J45=1,J45="1")," + larval","") & IF(OR(K45=1,K45="1")," + viviparous",""), 4,999), IF( (COUNTIF(I45:K45,"0")+COUNTIF(I45:K45,0))=3, "none", "unknown") ) ) -> direct | N45: =IFERROR(VALUE(INDEX(rawData!$Z:$Z, MATCH($A45, rawData!$E:$E, 0)))=VALUE($F45),"NA") -> TRUE | O45: =IFERROR(VALUE(INDEX(rawData!$AD:$AD, MATCH($A45, rawData!$E:$E, 0)))=VALUE($G45),"NA") -> TRUE | P45: =IFERROR(VALUE(INDEX(rawData!$AE:$AE, MATCH($A45, rawData!$E:$E, 0)))=VALUE($H45),"NA") -> TRUE | Q45: =IFERROR(INDEX(rawData!$F:$F, MATCH($A45, rawData!$E:$E, 0))=$B45,"NA") -> TRUE | R45: =IFERROR(INDEX(rawData!$G:$G, MATCH($A45, rawData!$E:$E, 0))=$C45,"NA") -> TRUE | S45: =IFERROR(INDEX(rawData!$H:$H, MATCH($A45, rawData!$E:$E, 0))=$D45,"NA") -> TRUE | T45: =IFERROR(INDEX(rawData!$I:$I, MATCH($A45, rawData!$E:$E, 0))=$E45,"NA") -> TRUE | U45: =IFERROR(VALUE(INDEX(rawData!$AI:$AI, MATCH($A45, rawData!$E:$E, 0)))=VALUE($I45),"NA") -> TRUE | V45: =IFERROR(VALUE(INDEX(rawData!$AJ:$AJ, MATCH($A45, rawData!$E:$E, 0)))=VALUE($J45),"NA") -> TRUE | W45: =IFERROR(VALUE(INDEX(rawData!$AK:$AK, MATCH($A45, rawData!$E:$E, 0)))=VALUE($K45),"NA") -> TRUE | X45: =IF(COUNTIF(O45:W45,FALSE)>0,FALSE,TRUE) -> TRUE | Y45: 52
A46: Duellmanohyla salvavida | B46: NA | C46: 1 | D46: NA | E46: 1 | F46: 37 | G46: 100 | H46: 100 | I46: 0 | J46: 1 | K46: 0 | L46: =IF( (COUNTIF(B46:E46,"1")+COUNTIF(B46:E46,1))=0, "unknown", MID( IF(OR(B46="1",B46=1)," + fossorial","") & IF(OR(C46="1",C46=1)," + terrestrial","") & IF(OR(D46="1",D46=1)," + aquatic","") & IF(OR(E46="1",E46=1)," + arboreal",""), 4, 999) ) -> terrestrial + arboreal | M46: =IF( AND( (COUNTIF(I46:K46,"1")+COUNTIF(I46:K46,1))=0, (COUNTIF(I46:K46,"0")+COUNTIF(I46:K46,0))=0 ), "unknown", IF( (COUNTIF(I46:K46,"1")+COUNTIF(I46:K46,1))>0, MID( IF(OR(I46=1,I46="1")," + direct","") & IF(OR(J46=1,J46="1")," + larval","") & IF(OR(K46=1,K46="1")," + viviparous",""), 4,999), IF( (COUNTIF(I46:K46,"0")+COUNTIF(I46:K46,0))=3, "none", "unknown") ) ) -> larval | N46: =IFERROR(VALUE(INDEX(rawData!$Z:$Z, MATCH($A46, rawData!$E:$E, 0)))=VALUE($F46),"NA") -> TRUE | O46: =IFERROR(VALUE(INDEX(rawData!$AD:$AD, MATCH($A46, rawData!$E:$E, 0)))=VALUE($G46),"NA") -> TRUE | P46: =IFERROR(VALUE(INDEX(rawData!$AE:$AE, MATCH($A46, rawData!$E:$E, 0)))=VALUE($H46),"NA") -> TRUE | Q46: =IFERROR(INDEX(rawData!$F:$F, MATCH($A46, rawData!$E:$E, 0))=$B46,"NA") -> TRUE | R46: =IFERROR(INDEX(rawData!$G:$G, MATCH($A46, rawData!$E:$E, 0))=$C46,"NA") -> TRUE | S46: =IFERROR(INDEX(rawData!$H:$H, MATCH($A46, rawData!$E:$E, 0))=$D46,"NA") -> TRUE | T46: =IFERROR(INDEX(rawData!$I:$I, MATCH($A46, rawData!$E:$E, 0))=$E46,"NA") -> TRUE | U46: =IFERROR(VALUE(INDEX(rawData!$AI:$AI, MATCH($A46, rawData!$E:$E, 0)))=VALUE($I46),"NA") -> TRUE | V46: =IFERROR(VALUE(INDEX(rawData!$AJ:$AJ, MATCH($A46, rawData!$E:$E, 0)))=VALUE($J46),"NA") -> TRUE | W46: =IFERROR(VALUE(INDEX(rawData!$AK:$AK, MATCH($A46, rawData!$E:$E, 0)))=VALUE($K46),"NA") -> TRUE | X46: =IF(COUNTIF(O46:W46,FALSE)>0,FALSE,TRUE) -> TRUE | Y46: 53
A47: Osteopilus crucialis | B47: NA | C47: 1 | D47: NA | E47: 1 | F47: 122 | G47: 332 | H47: 332 | I47: 0 | J47: 1 | K47: 0 | L47: =IF( (COUNTIF(B47:E47,"1")+COUNTIF(B47:E47,1))=0, "unknown", MID( IF(OR(B47="1",B47=1)," + fossorial","") & IF(OR(C47="1",C47=1)," + terrestrial","") & IF(OR(D47="1",D47=1)," + aquatic","") & IF(OR(E47="1",E47=1)," + arboreal",""), 4, 999) ) -> terrestrial + arboreal | M47: =IF( AND( (COUNTIF(I47:K47,"1")+COUNTIF(I47:K47,1))=0, (COUNTIF(I47:K47,"0")+COUNTIF(I47:K47,0))=0 ), "unknown", IF( (COUNTIF(I47:K47,"1")+COUNTIF(I47:K47,1))>0, MID( IF(OR(I47=1,I47="1")," + direct","") & IF(OR(J47=1,J47="1")," + larval","") & IF(OR(K47=1,K47="1")," + viviparous",""), 4,999), IF( (COUNTIF(I47:K47,"0")+COUNTIF(I47:K47,0))=3, "none", "unknown") ) ) -> larval | N47: =IFERROR(VALUE(INDEX(rawData!$Z:$Z, MATCH($A47, rawData!$E:$E, 0)))=VALUE($F47),"NA") -> TRUE | O47: =IFERROR(VALUE(INDEX(rawData!$AD:$AD, MATCH($A47, rawData!$E:$E, 0)))=VALUE($G47),"NA") -> TRUE | P47: =IFERROR(VALUE(INDEX(rawData!$AE:$AE, MATCH($A47, rawData!$E:$E, 0)))=VALUE($H47),"NA") -> TRUE | Q47: =IFERROR(INDEX(rawData!$F:$F, MATCH($A47, rawData!$E:$E, 0))=$B47,"NA") -> TRUE | R47: =IFERROR(INDEX(rawData!$G:$G, MATCH($A47, rawData!$E:$E, 0))=$C47,"NA") -> TRUE | S47: =IFERROR(INDEX(rawData!$H:$H, MATCH($A47, rawData!$E:$E, 0))=$D47,"NA") -> TRUE | T47: =IFERROR(INDEX(rawData!$I:$I, MATCH($A47, rawData!$E:$E, 0))=$E47,"NA") -> TRUE | U47: =IFERROR(VALUE(INDEX(rawData!$AI:$AI, MATCH($A47, rawData!$E:$E, 0)))=VALUE($I47),"NA") -> TRUE | V47: =IFERROR(VALUE(INDEX(rawData!$AJ:$AJ, MATCH($A47, rawData!$E:$E, 0)))=VALUE($J47),"NA") -> TRUE | W47: =IFERROR(VALUE(INDEX(rawData!$AK:$AK, MATCH($A47, rawData!$E:$E, 0)))=VALUE($K47),"NA") -> TRUE | X47: =IF(COUNTIF(O47:W47,FALSE)>0,FALSE,TRUE) -> TRUE | Y47: 53
A48: Hyla walkeri | B48: NA | C48: 1 | D48: 1 | E48: 1 | F48: 37.8 | G48: 1000 | H48: 1000 | I48: 0 | J48: 1 | K48: 0 | L48: =IF( (COUNTIF(B48:E48,"1")+COUNTIF(B48:E48,1))=0, "unknown", MID( IF(OR(B48="1",B48=1)," + fossorial","") & IF(OR(C48="1",C48=1)," + terrestrial","") & IF(OR(D48="1",D48=1)," + aquatic","") & IF(OR(E48="1",E48=1)," + arboreal",""), 4, 999) ) -> terrestrial + aquatic + arboreal | M48: =IF( AND( (COUNTIF(I48:K48,"1")+COUNTIF(I48:K48,1))=0, (COUNTIF(I48:K48,"0")+COUNTIF(I48:K48,0))=0 ), "unknown", IF( (COUNTIF(I48:K48,"1")+COUNTIF(I48:K48,1))>0, MID( IF(OR(I48=1,I48="1")," + direct","") & IF(OR(J48=1,J48="1")," + larval","") & IF(OR(K48=1,K48="1")," + viviparous",""), 4,999), IF( (COUNTIF(I48:K48,"0")+COUNTIF(I48:K48,0))=3, "none", "unknown") ) ) -> larval | N48: =IFERROR(VALUE(INDEX(rawData!$Z:$Z, MATCH($A48, rawData!$E:$E, 0)))=VALUE($F48),"NA") -> TRUE | O48: =IFERROR(VALUE(INDEX(rawData!$AD:$AD, MATCH($A48, rawData!$E:$E, 0)))=VALUE($G48),"NA") -> TRUE | P48: =IFERROR(VALUE(INDEX(rawData!$AE:$AE, MATCH($A48, rawData!$E:$E, 0)))=VALUE($H48),"NA") -> TRUE | Q48: =IFERROR(INDEX(rawData!$F:$F, MATCH($A48, rawData!$E:$E, 0))=$B48,"NA") -> TRUE | R48: =IFERROR(INDEX(rawData!$G:$G, MATCH($A48, rawData!$E:$E, 0))=$C48,"NA") -> TRUE | S48: =IFERROR(INDEX(rawData!$H:$H, MATCH($A48, rawData!$E:$E, 0))=$D48,"NA") -> TRUE | T48: =IFERROR(INDEX(rawData!$I:$I, MATCH($A48, rawData!$E:$E, 0))=$E48,"NA") -> TRUE | U48: =IFERROR(VALUE(INDEX(rawData!$AI:$AI, MATCH($A48, rawData!$E:$E, 0)))=VALUE($I48),"NA") -> TRUE | V48: =IFERROR(VALUE(INDEX(rawData!$AJ:$AJ, MATCH($A48, rawData!$E:$E, 0)))=VALUE($J48),"NA") -> TRUE | W48: =IFERROR(VALUE(INDEX(rawData!$AK:$AK, MATCH($A48, rawData!$E:$E, 0)))=VALUE($K48),"NA") -> TRUE | X48: =IF(COUNTIF(O48:W48,FALSE)>0,FALSE,TRUE) -> TRUE | Y48: 54
A49: Pelobates cultripes | B49: 1 | C49: 1 | D49: 1 | E49: NA | F49: 110 | G49: 2500 | H49: 2500 | I49: 0 | J49: 1 | K49: 0 | L49: =IF( (COUNTIF(B49:E49,"1")+COUNTIF(B49:E49,1))=0, "unknown", MID( IF(OR(B49="1",B49=1)," + fossorial","") & IF(OR(C49="1",C49=1)," + terrestrial","") & IF(OR(D49="1",D49=1)," + aquatic","") & IF(OR(E49="1",E49=1)," + arboreal",""), 4, 999) ) -> fossorial + terrestrial + aquatic | M49: =IF( AND( (COUNTIF(I49:K49,"1")+COUNTIF(I49:K49,1))=0, (COUNTIF(I49:K49,"0")+COUNTIF(I49:K49,0))=0 ), "unknown", IF( (COUNTIF(I49:K49,"1")+COUNTIF(I49:K49,1))>0, MID( IF(OR(I49=1,I49="1")," + direct","") & IF(OR(J49=1,J49="1")," + larval","") & IF(OR(K49=1,K49="1")," + viviparous",""), 4,999), IF( (COUNTIF(I49:K49,"0")+COUNTIF(I49:K49,0))=3, "none", "unknown") ) ) -> larval | N49: =IFERROR(VALUE(INDEX(rawData!$Z:$Z, MATCH($A49, rawData!$E:$E, 0)))=VALUE($F49),"NA") -> TRUE | O49: =IFERROR(VALUE(INDEX(rawData!$AD:$AD, MATCH($A49, rawData!$E:$E, 0)))=VALUE($G49),"NA") -> TRUE | P49: =IFERROR(VALUE(INDEX(rawData!$AE:$AE, MATCH($A49, rawData!$E:$E, 0)))=VALUE($H49),"NA") -> TRUE | Q49: =IFERROR(INDEX(rawData!$F:$F, MATCH($A49, rawData!$E:$E, 0))=$B49,"NA") -> TRUE | R49: =IFERROR(INDEX(rawData!$G:$G, MATCH($A49, rawData!$E:$E, 0))=$C49,"NA") -> TRUE | S49: =IFERROR(INDEX(rawData!$H:$H, MATCH($A49, rawData!$E:$E, 0))=$D49,"NA") -> TRUE | T49: =IFERROR(INDEX(rawData!$I:$I, MATCH($A49, rawData!$E:$E, 0))=$E49,"NA") -> TRUE | U49: =IFERROR(VALUE(INDEX(rawData!$AI:$AI, MATCH($A49, rawData!$E:$E, 0)))=VALUE($I49),"NA") -> TRUE | V49: =IFERROR(VALUE(INDEX(rawData!$AJ:$AJ, MATCH($A49, rawData!$E:$E, 0)))=VALUE($J49),"NA") -> TRUE | W49: =IFERROR(VALUE(INDEX(rawData!$AK:$AK, MATCH($A49, rawData!$E:$E, 0)))=VALUE($K49),"NA") -> TRUE | X49: =IF(COUNTIF(O49:W49,FALSE)>0,FALSE,TRUE) -> TRUE | Y49: 55
A50: Nanorana unculuanus | B50: NA | C50: 1 | D50: NA | E50: NA | F50: 80 | G50: 97 | H50: 97 | I50: 0 | J50: 1 | K50: 0 | L50: =IF( (COUNTIF(B50:E50,"1")+COUNTIF(B50:E50,1))=0, "unknown", MID( IF(OR(B50="1",B50=1)," + fossorial","") & IF(OR(C50="1",C50=1)," + terrestrial","") & IF(OR(D50="1",D50=1)," + aquatic","") & IF(OR(E50="1",E50=1)," + arboreal",""), 4, 999) ) -> terrestrial | M50: =IF( AND( (COUNTIF(I50:K50,"1")+COUNTIF(I50:K50,1))=0, (COUNTIF(I50:K50,"0")+COUNTIF(I50:K50,0))=0 ), "unknown", IF( (COUNTIF(I50:K50,"1")+COUNTIF(I50:K50,1))>0, MID( IF(OR(I50=1,I50="1")," + direct","") & IF(OR(J50=1,J50="1")," + larval","") & IF(OR(K50=1,K50="1")," + viviparous",""), 4,999), IF( (COUNTIF(I50:K50,"0")+COUNTIF(I50:K50,0))=3, "none", "unknown") ) ) -> larval | N50: =IFERROR(VALUE(INDEX(rawData!$Z:$Z, MATCH($A50, rawData!$E:$E, 0)))=VALUE($F50),"NA") -> TRUE | O50: =IFERROR(VALUE(INDEX(rawData!$AD:$AD, MATCH($A50, rawData!$E:$E, 0)))=VALUE($G50),"NA") -> TRUE | P50: =IFERROR(VALUE(INDEX(rawData!$AE:$AE, MATCH($A50, rawData!$E:$E, 0)))=VALUE($H50),"NA") -> TRUE | Q50: =IFERROR(INDEX(rawData!$F:$F, MATCH($A50, rawData!$E:$E, 0))=$B50,"NA") -> TRUE | R50: =IFERROR(INDEX(rawData!$G:$G, MATCH($A50, rawData!$E:$E, 0))=$C50,"NA") -> TRUE | S50: =IFERROR(INDEX(rawData!$H:$H, MATCH($A50, rawData!$E:$E, 0))=$D50,"NA") -> TRUE | T50: =IFERROR(INDEX(rawData!$I:$I, MATCH($A50, rawData!$E:$E, 0))=$E50,"NA") -> TRUE | U50: =IFERROR(VALUE(INDEX(rawData!$AI:$AI, MATCH($A50, rawData!$E:$E, 0)))=VALUE($I50),"NA") -> TRUE | V50: =IFERROR(VALUE(INDEX(rawData!$AJ:$AJ, MATCH($A50, rawData!$E:$E, 0)))=VALUE($J50),"NA") -> TRUE | W50: =IFERROR(VALUE(INDEX(rawData!$AK:$AK, MATCH($A50, rawData!$E:$E, 0)))=VALUE($K50),"NA") -> TRUE | X50: =IF(COUNTIF(O50:W50,FALSE)>0,FALSE,TRUE) -> TRUE | Y50: 56
A51: Pristimantis acuminatus | B51: NA | C51: 1 | D51: NA | E51: 1 | F51: 34 | G51: 12 | H51: 21 | I51: 1 | J51: 0 | K51: 0 | L51: =IF( (COUNTIF(B51:E51,"1")+COUNTIF(B51:E51,1))=0, "unknown", MID( IF(OR(B51="1",B51=1)," + fossorial","") & IF(OR(C51="1",C51=1)," + terrestrial","") & IF(OR(D51="1",D51=1)," + aquatic","") & IF(OR(E51="1",E51=1)," + arboreal",""), 4, 999) ) -> terrestrial + arboreal | M51: =IF( AND( (COUNTIF(I51:K51,"1")+COUNTIF(I51:K51,1))=0, (COUNTIF(I51:K51,"0")+COUNTIF(I51:K51,0))=0 ), "unknown", IF( (COUNTIF(I51:K51,"1")+COUNTIF(I51:K51,1))>0, MID( IF(OR(I51=1,I51="1")," + direct","") & IF(OR(J51=1,J51="1")," + larval","") & IF(OR(K51=1,K51="1")," + viviparous",""), 4,999), IF( (COUNTIF(I51:K51,"0")+COUNTIF(I51:K51,0))=3, "none", "unknown") ) ) -> direct | N51: =IFERROR(VALUE(INDEX(rawData!$Z:$Z, MATCH($A51, rawData!$E:$E, 0)))=VALUE($F51),"NA") -> TRUE | O51: =IFERROR(VALUE(INDEX(rawData!$AD:$AD, MATCH($A51, rawData!$E:$E, 0)))=VALUE($G51),"NA") -> TRUE | P51: =IFERROR(VALUE(INDEX(rawData!$AE:$AE, MATCH($A51, rawData!$E:$E, 0)))=VALUE($H51),"NA") -> TRUE | Q51: =IFERROR(INDEX(rawData!$F:$F, MATCH($A51, rawData!$E:$E, 0))=$B51,"NA") -> TRUE | R51: =IFERROR(INDEX(rawData!$G:$G, MATCH($A51, rawData!$E:$E, 0))=$C51,"NA") -> TRUE | S51: =IFERROR(INDEX(rawData!$H:$H, MATCH($A51, rawData!$E:$E, 0))=$D51,"NA") -> TRUE | T51: =IFERROR(INDEX(rawData!$I:$I, MATCH($A51, rawData!$E:$E, 0))=$E51,"NA") -> TRUE | U51: =IFERROR(VALUE(INDEX(rawData!$AI:$AI, MATCH($A51, rawData!$E:$E, 0)))=VALUE($I51),"NA") -> TRUE | V51: =IFERROR(VALUE(INDEX(rawData!$AJ:$AJ, MATCH($A51, rawData!$E:$E, 0)))=VALUE($J51),"NA") -> TRUE | W51: =IFERROR(VALUE(INDEX(rawData!$AK:$AK, MATCH($A51, rawData!$E:$E, 0)))=VALUE($K51),"NA") -> TRUE | X51: =IF(COUNTIF(O51:W51,FALSE)>0,FALSE,TRUE) -> TRUE | Y51: 58
A52: Euphlyctis cyanophlyctis | B52: 1 | C52: 1 | D52: 1 | E52: NA | F52: 92 | G52: 844 | H52: 844 | I52: 0 | J52: 1 | K52: 0 | L52: =IF( (COUNTIF(B52:E52,"1")+COUNTIF(B52:E52,1))=0, "unknown", MID( IF(OR(B52="1",B52=1)," + fossorial","") & IF(OR(C52="1",C52=1)," + terrestrial","") & IF(OR(D52="1",D52=1)," + aquatic","") & IF(OR(E52="1",E52=1)," + arboreal",""), 4, 999) ) -> fossorial + terrestrial + aquatic | M52: =IF( AND( (COUNTIF(I52:K52,"1")+COUNTIF(I52:K52,1))=0, (COUNTIF(I52:K52,"0")+COUNTIF(I52:K52,0))=0 ), "unknown", IF( (COUNTIF(I52:K52,"1")+COUNTIF(I52:K52,1))>0, MID( IF(OR(I52=1,I52="1")," + direct","") & IF(OR(J52=1,J52="1")," + larval","") & IF(OR(K52=1,K52="1")," + viviparous",""), 4,999), IF( (COUNTIF(I52:K52,"0")+COUNTIF(I52:K52,0))=3, "none", "unknown") ) ) -> larval | N52: =IFERROR(VALUE(INDEX(rawData!$Z:$Z, MATCH($A52, rawData!$E:$E, 0)))=VALUE($F52),"NA") -> TRUE | O52: =IFERROR(VALUE(INDEX(rawData!$AD:$AD, MATCH($A52, rawData!$E:$E, 0)))=VALUE($G52),"NA") -> TRUE | P52: =IFERROR(VALUE(INDEX(rawData!$AE:$AE, MATCH($A52, rawData!$E:$E, 0)))=VALUE($H52),"NA") -> TRUE | Q52: =IFERROR(INDEX(rawData!$F:$F, MATCH($A52, rawData!$E:$E, 0))=$B52,"NA") -> TRUE | R52: =IFERROR(INDEX(rawData!$G:$G, MATCH($A52, rawData!$E:$E, 0))=$C52,"NA") -> TRUE | S52: =IFERROR(INDEX(rawData!$H:$H, MATCH($A52, rawData!$E:$E, 0))=$D52,"NA") -> TRUE | T52: =IFERROR(INDEX(rawData!$I:$I, MATCH($A52, rawData!$E:$E, 0))=$E52,"NA") -> TRUE | U52: =IFERROR(VALUE(INDEX(rawData!$AI:$AI, MATCH($A52, rawData!$E:$E, 0)))=VALUE($I52),"NA") -> TRUE | V52: =IFERROR(VALUE(INDEX(rawData!$AJ:$AJ, MATCH($A52, rawData!$E:$E, 0)))=VALUE($J52),"NA") -> TRUE | W52: =IFERROR(VALUE(INDEX(rawData!$AK:$AK, MATCH($A52, rawData!$E:$E, 0)))=VALUE($K52),"NA") -> TRUE | X52: =IF(COUNTIF(O52:W52,FALSE)>0,FALSE,TRUE) -> TRUE | Y52: 59
A53: Chiasmocleis carvalhoi | B53: NA | C53: 1 | D53: 1 | E53: NA | F53: 24.4 | G53: 123 | H53: 395 | I53: 0 | J53: 1 | K53: 0 | L53: =IF( (COUNTIF(B53:E53,"1")+COUNTIF(B53:E53,1))=0, "unknown", MID( IF(OR(B53="1",B53=1)," + fossorial","") & IF(OR(C53="1",C53=1)," + terrestrial","") & IF(OR(D53="1",D53=1)," + aquatic","") & IF(OR(E53="1",E53=1)," + arboreal",""), 4, 999) ) -> terrestrial + aquatic | M53: =IF( AND( (COUNTIF(I53:K53,"1")+COUNTIF(I53:K53,1))=0, (COUNTIF(I53:K53,"0")+COUNTIF(I53:K53,0))=0 ), "unknown", IF( (COUNTIF(I53:K53,"1")+COUNTIF(I53:K53,1))>0, MID( IF(OR(I53=1,I53="1")," + direct","") & IF(OR(J53=1,J53="1")," + larval","") & IF(OR(K53=1,K53="1")," + viviparous",""), 4,999), IF( (COUNTIF(I53:K53,"0")+COUNTIF(I53:K53,0))=3, "none", "unknown") ) ) -> larval | N53: =IFERROR(VALUE(INDEX(rawData!$Z:$Z, MATCH($A53, rawData!$E:$E, 0)))=VALUE($F53),"NA") -> TRUE | O53: =IFERROR(VALUE(INDEX(rawData!$AD:$AD, MATCH($A53, rawData!$E:$E, 0)))=VALUE($G53),"NA") -> TRUE | P53: =IFERROR(VALUE(INDEX(rawData!$AE:$AE, MATCH($A53, rawData!$E:$E, 0)))=VALUE($H53),"NA") -> TRUE | Q53: =IFERROR(INDEX(rawData!$F:$F, MATCH($A53, rawData!$E:$E, 0))=$B53,"NA") -> TRUE | R53: =IFERROR(INDEX(rawData!$G:$G, MATCH($A53, rawData!$E:$E, 0))=$C53,"NA") -> TRUE | S53: =IFERROR(INDEX(rawData!$H:$H, MATCH($A53, rawData!$E:$E, 0))=$D53,"NA") -> TRUE | T53: =IFERROR(INDEX(rawData!$I:$I, MATCH($A53, rawData!$E:$E, 0))=$E53,"NA") -> TRUE | U53: =IFERROR(VALUE(INDEX(rawData!$AI:$AI, MATCH($A53, rawData!$E:$E, 0)))=VALUE($I53),"NA") -> TRUE | V53: =IFERROR(VALUE(INDEX(rawData!$AJ:$AJ, MATCH($A53, rawData!$E:$E, 0)))=VALUE($J53),"NA") -> TRUE | W53: =IFERROR(VALUE(INDEX(rawData!$AK:$AK, MATCH($A53, rawData!$E:$E, 0)))=VALUE($K53),"NA") -> TRUE | X53: =IF(COUNTIF(O53:W53,FALSE)>0,FALSE,TRUE) -> TRUE | Y53: 60
A54: Litoria bicolor | B54: NA | C54: 1 | D54: 1 | E54: 1 | F54: 30 | G54: 200 | H54: 700 | I54: 0 | J54: 1 | K54: 0 | L54: =IF( (COUNTIF(B54:E54,"1")+COUNTIF(B54:E54,1))=0, "unknown", MID( IF(OR(B54="1",B54=1)," + fossorial","") & IF(OR(C54="1",C54=1)," + terrestrial","") & IF(OR(D54="1",D54=1)," + aquatic","") & IF(OR(E54="1",E54=1)," + arboreal",""), 4, 999) ) -> terrestrial + aquatic + arboreal | M54: =IF( AND( (COUNTIF(I54:K54,"1")+COUNTIF(I54:K54,1))=0, (COUNTIF(I54:K54,"0")+COUNTIF(I54:K54,0))=0 ), "unknown", IF( (COUNTIF(I54:K54,"1")+COUNTIF(I54:K54,1))>0, MID( IF(OR(I54=1,I54="1")," + direct","") & IF(OR(J54=1,J54="1")," + larval","") & IF(OR(K54=1,K54="1")," + viviparous",""), 4,999), IF( (COUNTIF(I54:K54,"0")+COUNTIF(I54:K54,0))=3, "none", "unknown") ) ) -> larval | N54: =IFERROR(VALUE(INDEX(rawData!$Z:$Z, MATCH($A54, rawData!$E:$E, 0)))=VALUE($F54),"NA") -> TRUE | O54: =IFERROR(VALUE(INDEX(rawData!$AD:$AD, MATCH($A54, rawData!$E:$E, 0)))=VALUE($G54),"NA") -> TRUE | P54: =IFERROR(VALUE(INDEX(rawData!$AE:$AE, MATCH($A54, rawData!$E:$E, 0)))=VALUE($H54),"NA") -> TRUE | Q54: =IFERROR(INDEX(rawData!$F:$F, MATCH($A54, rawData!$E:$E, 0))=$B54,"NA") -> TRUE | R54: =IFERROR(INDEX(rawData!$G:$G, MATCH($A54, rawData!$E:$E, 0))=$C54,"NA") -> TRUE | S54: =IFERROR(INDEX(rawData!$H:$H, MATCH($A54, rawData!$E:$E, 0))=$D54,"NA") -> TRUE | T54: =IFERROR(INDEX(rawData!$I:$I, MATCH($A54, rawData!$E:$E, 0))=$E54,"NA") -> TRUE | U54: =IFERROR(VALUE(INDEX(rawData!$AI:$AI, MATCH($A54, rawData!$E:$E, 0)))=VALUE($I54),"NA") -> TRUE | V54: =IFERROR(VALUE(INDEX(rawData!$AJ:$AJ, MATCH($A54, rawData!$E:$E, 0)))=VALUE($J54),"NA") -> TRUE | W54: =IFERROR(VALUE(INDEX(rawData!$AK:$AK, MATCH($A54, rawData!$E:$E, 0)))=VALUE($K54),"NA") -> TRUE | X54: =IF(COUNTIF(O54:W54,FALSE)>0,FALSE,TRUE) -> TRUE | Y54: 61
A55: Ameerega trivittata | B55: NA | C55: 1 | D55: NA | E55: NA | F55: 49.5 | G55: 24 | H55: 66 | I55: 0 | J55: 1 | K55: 0 | L55: =IF( (COUNTIF(B55:E55,"1")+COUNTIF(B55:E55,1))=0, "unknown", MID( IF(OR(B55="1",B55=1)," + fossorial","") & IF(OR(C55="1",C55=1)," + terrestrial","") & IF(OR(D55="1",D55=1)," + aquatic","") & IF(OR(E55="1",E55=1)," + arboreal",""), 4, 999) ) -> terrestrial | M55: =IF( AND( (COUNTIF(I55:K55,"1")+COUNTIF(I55:K55,1))=0, (COUNTIF(I55:K55,"0")+COUNTIF(I55:K55,0))=0 ), "unknown", IF( (COUNTIF(I55:K55,"1")+COUNTIF(I55:K55,1))>0, MID( IF(OR(I55=1,I55="1")," + direct","") & IF(OR(J55=1,J55="1")," + larval","") & IF(OR(K55=1,K55="1")," + viviparous",""), 4,999), IF( (COUNTIF(I55:K55,"0")+COUNTIF(I55:K55,0))=3, "none", "unknown") ) ) -> larval | N55: =IFERROR(VALUE(INDEX(rawData!$Z:$Z, MATCH($A55, rawData!$E:$E, 0)))=VALUE($F55),"NA") -> TRUE | O55: =IFERROR(VALUE(INDEX(rawData!$AD:$AD, MATCH($A55, rawData!$E:$E, 0)))=VALUE($G55),"NA") -> TRUE | P55: =IFERROR(VALUE(INDEX(rawData!$AE:$AE, MATCH($A55, rawData!$E:$E, 0)))=VALUE($H55),"NA") -> TRUE | Q55: =IFERROR(INDEX(rawData!$F:$F, MATCH($A55, rawData!$E:$E, 0))=$B55,"NA") -> TRUE | R55: =IFERROR(INDEX(rawData!$G:$G, MATCH($A55, rawData!$E:$E, 0))=$C55,"NA") -> TRUE | S55: =IFERROR(INDEX(rawData!$H:$H, MATCH($A55, rawData!$E:$E, 0))=$D55,"NA") -> TRUE | T55: =IFERROR(INDEX(rawData!$I:$I, MATCH($A55, rawData!$E:$E, 0))=$E55,"NA") -> TRUE | U55: =IFERROR(VALUE(INDEX(rawData!$AI:$AI, MATCH($A55, rawData!$E:$E, 0)))=VALUE($I55),"NA") -> TRUE | V55: =IFERROR(VALUE(INDEX(rawData!$AJ:$AJ, MATCH($A55, rawData!$E:$E, 0)))=VALUE($J55),"NA") -> TRUE | W55: =IFERROR(VALUE(INDEX(rawData!$AK:$AK, MATCH($A55, rawData!$E:$E, 0)))=VALUE($K55),"NA") -> TRUE | X55: =IF(COUNTIF(O55:W55,FALSE)>0,FALSE,TRUE) -> TRUE | Y55: 63
A56: Hylarana macrodactyla | B56: NA | C56: 1 | D56: NA | E56: NA | F56: 39.8 | G56: 300 | H56: 300 | I56: 0 | J56: 1 | K56: 0 | L56: =IF( (COUNTIF(B56:E56,"1")+COUNTIF(B56:E56,1))=0, "unknown", MID( IF(OR(B56="1",B56=1)," + fossorial","") & IF(OR(C56="1",C56=1)," + terrestrial","") & IF(OR(D56="1",D56=1)," + aquatic","") & IF(OR(E56="1",E56=1)," + arboreal",""), 4, 999) ) -> terrestrial | M56: =IF( AND( (COUNTIF(I56:K56,"1")+COUNTIF(I56:K56,1))=0, (COUNTIF(I56:K56,"0")+COUNTIF(I56:K56,0))=0 ), "unknown", IF( (COUNTIF(I56:K56,"1")+COUNTIF(I56:K56,1))>0, MID( IF(OR(I56=1,I56="1")," + direct","") & IF(OR(J56=1,J56="1")," + larval","") & IF(OR(K56=1,K56="1")," + viviparous",""), 4,999), IF( (COUNTIF(I56:K56,"0")+COUNTIF(I56:K56,0))=3, "none", "unknown") ) ) -> larval | N56: =IFERROR(VALUE(INDEX(rawData!$Z:$Z, MATCH($A56, rawData!$E:$E, 0)))=VALUE($F56),"NA") -> TRUE | O56: =IFERROR(VALUE(INDEX(rawData!$AD:$AD, MATCH($A56, rawData!$E:$E, 0)))=VALUE($G56),"NA") -> TRUE | P56: =IFERROR(VALUE(INDEX(rawData!$AE:$AE, MATCH($A56, rawData!$E:$E, 0)))=VALUE($H56),"NA") -> TRUE | Q56: =IFERROR(INDEX(rawData!$F:$F, MATCH($A56, rawData!$E:$E, 0))=$B56,"NA") -> TRUE | R56: =IFERROR(INDEX(rawData!$G:$G, MATCH($A56, rawData!$E:$E, 0))=$C56,"NA") -> TRUE | S56: =IFERROR(INDEX(rawData!$H:$H, MATCH($A56, rawData!$E:$E, 0))=$D56,"NA") -> TRUE | T56: =IFERROR(INDEX(rawData!$I:$I, MATCH($A56, rawData!$E:$E, 0))=$E56,"NA") -> TRUE | U56: =IFERROR(VALUE(INDEX(rawData!$AI:$AI, MATCH($A56, rawData!$E:$E, 0)))=VALUE($I56),"NA") -> TRUE | V56: =IFERROR(VALUE(INDEX(rawData!$AJ:$AJ, MATCH($A56, rawData!$E:$E, 0)))=VALUE($J56),"NA") -> TRUE | W56: =IFERROR(VALUE(INDEX(rawData!$AK:$AK, MATCH($A56, rawData!$E:$E, 0)))=VALUE($K56),"NA") -> TRUE | X56: =IF(COUNTIF(O56:W56,FALSE)>0,FALSE,TRUE) -> TRUE | Y56: 64
A57: Ischnocnema guentheri | B57: NA | C57: 1 | D57: NA | E57: NA | F57: 40 | G57: 20 | H57: 40 | I57: 1 | J57: 0 | K57: 0 | L57: =IF( (COUNTIF(B57:E57,"1")+COUNTIF(B57:E57,1))=0, "unknown", MID( IF(OR(B57="1",B57=1)," + fossorial","") & IF(OR(C57="1",C57=1)," + terrestrial","") & IF(OR(D57="1",D57=1)," + aquatic","") & IF(OR(E57="1",E57=1)," + arboreal",""), 4, 999) ) -> terrestrial | M57: =IF( AND( (COUNTIF(I57:K57,"1")+COUNTIF(I57:K57,1))=0, (COUNTIF(I57:K57,"0")+COUNTIF(I57:K57,0))=0 ), "unknown", IF( (COUNTIF(I57:K57,"1")+COUNTIF(I57:K57,1))>0, MID( IF(OR(I57=1,I57="1")," + direct","") & IF(OR(J57=1,J57="1")," + larval","") & IF(OR(K57=1,K57="1")," + viviparous",""), 4,999), IF( (COUNTIF(I57:K57,"0")+COUNTIF(I57:K57,0))=3, "none", "unknown") ) ) -> direct | N57: =IFERROR(VALUE(INDEX(rawData!$Z:$Z, MATCH($A57, rawData!$E:$E, 0)))=VALUE($F57),"NA") -> TRUE | O57: =IFERROR(VALUE(INDEX(rawData!$AD:$AD, MATCH($A57, rawData!$E:$E, 0)))=VALUE($G57),"NA") -> TRUE | P57: =IFERROR(VALUE(INDEX(rawData!$AE:$AE, MATCH($A57, rawData!$E:$E, 0)))=VALUE($H57),"NA") -> TRUE | Q57: =IFERROR(INDEX(rawData!$F:$F, MATCH($A57, rawData!$E:$E, 0))=$B57,"NA") -> TRUE | R57: =IFERROR(INDEX(rawData!$G:$G, MATCH($A57, rawData!$E:$E, 0))=$C57,"NA") -> TRUE | S57: =IFERROR(INDEX(rawData!$H:$H, MATCH($A57, rawData!$E:$E, 0))=$D57,"NA") -> TRUE | T57: =IFERROR(INDEX(rawData!$I:$I, MATCH($A57, rawData!$E:$E, 0))=$E57,"NA") -> TRUE | U57: =IFERROR(VALUE(INDEX(rawData!$AI:$AI, MATCH($A57, rawData!$E:$E, 0)))=VALUE($I57),"NA") -> TRUE | V57: =IFERROR(VALUE(INDEX(rawData!$AJ:$AJ, MATCH($A57, rawData!$E:$E, 0)))=VALUE($J57),"NA") -> TRUE | W57: =IFERROR(VALUE(INDEX(rawData!$AK:$AK, MATCH($A57, rawData!$E:$E, 0)))=VALUE($K57),"NA") -> TRUE | X57: =IF(COUNTIF(O57:W57,FALSE)>0,FALSE,TRUE) -> TRUE | Y57: 65
A58: Oophaga granulifera | B58: NA | C58: 1 | D58: NA | E58: NA | F58: 22 | G58: 3 | H58: 4 | I58: 0 | J58: 1 | K58: 0 | L58: =IF( (COUNTIF(B58:E58,"1")+COUNTIF(B58:E58,1))=0, "unknown", MID( IF(OR(B58="1",B58=1)," + fossorial","") & IF(OR(C58="1",C58=1)," + terrestrial","") & IF(OR(D58="1",D58=1)," + aquatic","") & IF(OR(E58="1",E58=1)," + arboreal",""), 4, 999) ) -> terrestrial | M58: =IF( AND( (COUNTIF(I58:K58,"1")+COUNTIF(I58:K58,1))=0, (COUNTIF(I58:K58,"0")+COUNTIF(I58:K58,0))=0 ), "unknown", IF( (COUNTIF(I58:K58,"1")+COUNTIF(I58:K58,1))>0, MID( IF(OR(I58=1,I58="1")," + direct","") & IF(OR(J58=1,J58="1")," + larval","") & IF(OR(K58=1,K58="1")," + viviparous",""), 4,999), IF( (COUNTIF(I58:K58,"0")+COUNTIF(I58:K58,0))=3, "none", "unknown") ) ) -> larval | N58: =IFERROR(VALUE(INDEX(rawData!$Z:$Z, MATCH($A58, rawData!$E:$E, 0)))=VALUE($F58),"NA") -> TRUE | O58: =IFERROR(VALUE(INDEX(rawData!$AD:$AD, MATCH($A58, rawData!$E:$E, 0)))=VALUE($G58),"NA") -> TRUE | P58: =IFERROR(VALUE(INDEX(rawData!$AE:$AE, MATCH($A58, rawData!$E:$E, 0)))=VALUE($H58),"NA") -> TRUE | Q58: =IFERROR(INDEX(rawData!$F:$F, MATCH($A58, rawData!$E:$E, 0))=$B58,"NA") -> TRUE | R58: =IFERROR(INDEX(rawData!$G:$G, MATCH($A58, rawData!$E:$E, 0))=$C58,"NA") -> TRUE | S58: =IFERROR(INDEX(rawData!$H:$H, MATCH($A58, rawData!$E:$E, 0))=$D58,"NA") -> TRUE | T58: =IFERROR(INDEX(rawData!$I:$I, MATCH($A58, rawData!$E:$E, 0))=$E58,"NA") -> TRUE | U58: =IFERROR(VALUE(INDEX(rawData!$AI:$AI, MATCH($A58, rawData!$E:$E, 0)))=VALUE($I58),"NA") -> TRUE | V58: =IFERROR(VALUE(INDEX(rawData!$AJ:$AJ, MATCH($A58, rawData!$E:$E, 0)))=VALUE($J58),"NA") -> TRUE | W58: =IFERROR(VALUE(INDEX(rawData!$AK:$AK, MATCH($A58, rawData!$E:$E, 0)))=VALUE($K58),"NA") -> TRUE | X58: =IF(COUNTIF(O58:W58,FALSE)>0,FALSE,TRUE) -> TRUE | Y58: 65
A59: Heleioporus eyrei | B59: 1 | C59: 1 | D59: 1 | E59: NA | F59: 66 | G59: 80 | H59: 500 | I59: 0 | J59: 1 | K59: 0 | L59: =IF( (COUNTIF(B59:E59,"1")+COUNTIF(B59:E59,1))=0, "unknown", MID( IF(OR(B59="1",B59=1)," + fossorial","") & IF(OR(C59="1",C59=1)," + terrestrial","") & IF(OR(D59="1",D59=1)," + aquatic","") & IF(OR(E59="1",E59=1)," + arboreal",""), 4, 999) ) -> fossorial + terrestrial + aquatic | M59: =IF( AND( (COUNTIF(I59:K59,"1")+COUNTIF(I59:K59,1))=0, (COUNTIF(I59:K59,"0")+COUNTIF(I59:K59,0))=0 ), "unknown", IF( (COUNTIF(I59:K59,"1")+COUNTIF(I59:K59,1))>0, MID( IF(OR(I59=1,I59="1")," + direct","") & IF(OR(J59=1,J59="1")," + larval","") & IF(OR(K59=1,K59="1")," + viviparous",""), 4,999), IF( (COUNTIF(I59:K59,"0")+COUNTIF(I59:K59,0))=3, "none", "unknown") ) ) -> larval | N59: =IFERROR(VALUE(INDEX(rawData!$Z:$Z, MATCH($A59, rawData!$E:$E, 0)))=VALUE($F59),"NA") -> TRUE | O59: =IFERROR(VALUE(INDEX(rawData!$AD:$AD, MATCH($A59, rawData!$E:$E, 0)))=VALUE($G59),"NA") -> TRUE | P59: =IFERROR(VALUE(INDEX(rawData!$AE:$AE, MATCH($A59, rawData!$E:$E, 0)))=VALUE($H59),"NA") -> TRUE | Q59: =IFERROR(INDEX(rawData!$F:$F, MATCH($A59, rawData!$E:$E, 0))=$B59,"NA") -> TRUE | R59: =IFERROR(INDEX(rawData!$G:$G, MATCH($A59, rawData!$E:$E, 0))=$C59,"NA") -> TRUE | S59: =IFERROR(INDEX(rawData!$H:$H, MATCH($A59, rawData!$E:$E, 0))=$D59,"NA") -> TRUE | T59: =IFERROR(INDEX(rawData!$I:$I, MATCH($A59, rawData!$E:$E, 0))=$E59,"NA") -> TRUE | U59: =IFERROR(VALUE(INDEX(rawData!$AI:$AI, MATCH($A59, rawData!$E:$E, 0)))=VALUE($I59),"NA") -> TRUE | V59: =IFERROR(VALUE(INDEX(rawData!$AJ:$AJ, MATCH($A59, rawData!$E:$E, 0)))=VALUE($J59),"NA") -> TRUE | W59: =IFERROR(VALUE(INDEX(rawData!$AK:$AK, MATCH($A59, rawData!$E:$E, 0)))=VALUE($K59),"NA") -> TRUE | X59: =IF(COUNTIF(O59:W59,FALSE)>0,FALSE,TRUE) -> TRUE | Y59: 65
A60: Limnonectes arathooni | B60: NA | C60: 1 | D60: 1 | E60: NA | F60: 39.6 | G60: 10 | H60: 29 | I60: 0 | J60: 1 | K60: 0 | L60: =IF( (COUNTIF(B60:E60,"1")+COUNTIF(B60:E60,1))=0, "unknown", MID( IF(OR(B60="1",B60=1)," + fossorial","") & IF(OR(C60="1",C60=1)," + terrestrial","") & IF(OR(D60="1",D60=1)," + aquatic","") & IF(OR(E60="1",E60=1)," + arboreal",""), 4, 999) ) -> terrestrial + aquatic | M60: =IF( AND( (COUNTIF(I60:K60,"1")+COUNTIF(I60:K60,1))=0, (COUNTIF(I60:K60,"0")+COUNTIF(I60:K60,0))=0 ), "unknown", IF( (COUNTIF(I60:K60,"1")+COUNTIF(I60:K60,1))>0, MID( IF(OR(I60=1,I60="1")," + direct","") & IF(OR(J60=1,J60="1")," + larval","") & IF(OR(K60=1,K60="1")," + viviparous",""), 4,999), IF( (COUNTIF(I60:K60,"0")+COUNTIF(I60:K60,0))=3, "none", "unknown") ) ) -> larval | N60: =IFERROR(VALUE(INDEX(rawData!$Z:$Z, MATCH($A60, rawData!$E:$E, 0)))=VALUE($F60),"NA") -> TRUE | O60: =IFERROR(VALUE(INDEX(rawData!$AD:$AD, MATCH($A60, rawData!$E:$E, 0)))=VALUE($G60),"NA") -> TRUE | P60: =IFERROR(VALUE(INDEX(rawData!$AE:$AE, MATCH($A60, rawData!$E:$E, 0)))=VALUE($H60),"NA") -> TRUE | Q60: =IFERROR(INDEX(rawData!$F:$F, MATCH($A60, rawData!$E:$E, 0))=$B60,"NA") -> TRUE | R60: =IFERROR(INDEX(rawData!$G:$G, MATCH($A60, rawData!$E:$E, 0))=$C60,"NA") -> TRUE | S60: =IFERROR(INDEX(rawData!$H:$H, MATCH($A60, rawData!$E:$E, 0))=$D60,"NA") -> TRUE | T60: =IFERROR(INDEX(rawData!$I:$I, MATCH($A60, rawData!$E:$E, 0))=$E60,"NA") -> TRUE | U60: =IFERROR(VALUE(INDEX(rawData!$AI:$AI, MATCH($A60, rawData!$E:$E, 0)))=VALUE($I60),"NA") -> TRUE | V60: =IFERROR(VALUE(INDEX(rawData!$AJ:$AJ, MATCH($A60, rawData!$E:$E, 0)))=VALUE($J60),"NA") -> TRUE | W60: =IFERROR(VALUE(INDEX(rawData!$AK:$AK, MATCH($A60, rawData!$E:$E, 0)))=VALUE($K60),"NA") -> TRUE | X60: =IF(COUNTIF(O60:W60,FALSE)>0,FALSE,TRUE) -> TRUE | Y60: 66
A61: Mantidactylus argenteus | B61: NA | C61: NA | D61: 1 | E61: 1 | F61: 31 | G61: 12 | H61: 12 | I61: 0 | J61: 1 | K61: 0 | L61: =IF( (COUNTIF(B61:E61,"1")+COUNTIF(B61:E61,1))=0, "unknown", MID( IF(OR(B61="1",B61=1)," + fossorial","") & IF(OR(C61="1",C61=1)," + terrestrial","") & IF(OR(D61="1",D61=1)," + aquatic","") & IF(OR(E61="1",E61=1)," + arboreal",""), 4, 999) ) -> aquatic + arboreal | M61: =IF( AND( (COUNTIF(I61:K61,"1")+COUNTIF(I61:K61,1))=0, (COUNTIF(I61:K61,"0")+COUNTIF(I61:K61,0))=0 ), "unknown", IF( (COUNTIF(I61:K61,"1")+COUNTIF(I61:K61,1))>0, MID( IF(OR(I61=1,I61="1")," + direct","") & IF(OR(J61=1,J61="1")," + larval","") & IF(OR(K61=1,K61="1")," + viviparous",""), 4,999), IF( (COUNTIF(I61:K61,"0")+COUNTIF(I61:K61,0))=3, "none", "unknown") ) ) -> larval | N61: =IFERROR(VALUE(INDEX(rawData!$Z:$Z, MATCH($A61, rawData!$E:$E, 0)))=VALUE($F61),"NA") -> TRUE | O61: =IFERROR(VALUE(INDEX(rawData!$AD:$AD, MATCH($A61, rawData!$E:$E, 0)))=VALUE($G61),"NA") -> TRUE | P61: =IFERROR(VALUE(INDEX(rawData!$AE:$AE, MATCH($A61, rawData!$E:$E, 0)))=VALUE($H61),"NA") -> TRUE | Q61: =IFERROR(INDEX(rawData!$F:$F, MATCH($A61, rawData!$E:$E, 0))=$B61,"NA") -> TRUE | R61: =IFERROR(INDEX(rawData!$G:$G, MATCH($A61, rawData!$E:$E, 0))=$C61,"NA") -> TRUE | S61: =IFERROR(INDEX(rawData!$H:$H, MATCH($A61, rawData!$E:$E, 0))=$D61,"NA") -> TRUE | T61: =IFERROR(INDEX(rawData!$I:$I, MATCH($A61, rawData!$E:$E, 0))=$E61,"NA") -> TRUE | U61: =IFERROR(VALUE(INDEX(rawData!$AI:$AI, MATCH($A61, rawData!$E:$E, 0)))=VALUE($I61),"NA") -> TRUE | V61: =IFERROR(VALUE(INDEX(rawData!$AJ:$AJ, MATCH($A61, rawData!$E:$E, 0)))=VALUE($J61),"NA") -> TRUE | W61: =IFERROR(VALUE(INDEX(rawData!$AK:$AK, MATCH($A61, rawData!$E:$E, 0)))=VALUE($K61),"NA") -> TRUE | X61: =IF(COUNTIF(O61:W61,FALSE)>0,FALSE,TRUE) -> TRUE | Y61: 66
A62: Psychrophrynella wettsteini | B62: NA | C62: 1 | D62: NA | E62: NA | F62: 33.4 | G62: 13 | H62: 13 | I62: 1 | J62: 0 | K62: 0 | L62: =IF( (COUNTIF(B62:E62,"1")+COUNTIF(B62:E62,1))=0, "unknown", MID( IF(OR(B62="1",B62=1)," + fossorial","") & IF(OR(C62="1",C62=1)," + terrestrial","") & IF(OR(D62="1",D62=1)," + aquatic","") & IF(OR(E62="1",E62=1)," + arboreal",""), 4, 999) ) -> terrestrial | M62: =IF( AND( (COUNTIF(I62:K62,"1")+COUNTIF(I62:K62,1))=0, (COUNTIF(I62:K62,"0")+COUNTIF(I62:K62,0))=0 ), "unknown", IF( (COUNTIF(I62:K62,"1")+COUNTIF(I62:K62,1))>0, MID( IF(OR(I62=1,I62="1")," + direct","") & IF(OR(J62=1,J62="1")," + larval","") & IF(OR(K62=1,K62="1")," + viviparous",""), 4,999), IF( (COUNTIF(I62:K62,"0")+COUNTIF(I62:K62,0))=3, "none", "unknown") ) ) -> direct | N62: =IFERROR(VALUE(INDEX(rawData!$Z:$Z, MATCH($A62, rawData!$E:$E, 0)))=VALUE($F62),"NA") -> TRUE | O62: =IFERROR(VALUE(INDEX(rawData!$AD:$AD, MATCH($A62, rawData!$E:$E, 0)))=VALUE($G62),"NA") -> TRUE | P62: =IFERROR(VALUE(INDEX(rawData!$AE:$AE, MATCH($A62, rawData!$E:$E, 0)))=VALUE($H62),"NA") -> TRUE | Q62: =IFERROR(INDEX(rawData!$F:$F, MATCH($A62, rawData!$E:$E, 0))=$B62,"NA") -> TRUE | R62: =IFERROR(INDEX(rawData!$G:$G, MATCH($A62, rawData!$E:$E, 0))=$C62,"NA") -> TRUE | S62: =IFERROR(INDEX(rawData!$H:$H, MATCH($A62, rawData!$E:$E, 0))=$D62,"NA") -> TRUE | T62: =IFERROR(INDEX(rawData!$I:$I, MATCH($A62, rawData!$E:$E, 0))=$E62,"NA") -> TRUE | U62: =IFERROR(VALUE(INDEX(rawData!$AI:$AI, MATCH($A62, rawData!$E:$E, 0)))=VALUE($I62),"NA") -> TRUE | V62: =IFERROR(VALUE(INDEX(rawData!$AJ:$AJ, MATCH($A62, rawData!$E:$E, 0)))=VALUE($J62),"NA") -> TRUE | W62: =IFERROR(VALUE(INDEX(rawData!$AK:$AK, MATCH($A62, rawData!$E:$E, 0)))=VALUE($K62),"NA") -> TRUE | X62: =IF(COUNTIF(O62:W62,FALSE)>0,FALSE,TRUE) -> TRUE | Y62: 67
A63: Limnodynastes tasmaniensis | B63: NA | C63: 1 | D63: 1 | E63: 1 | F63: 50.5 | G63: 90 | H63: 1350 | I63: 0 | J63: 1 | K63: 0 | L63: =IF( (COUNTIF(B63:E63,"1")+COUNTIF(B63:E63,1))=0, "unknown", MID( IF(OR(B63="1",B63=1)," + fossorial","") & IF(OR(C63="1",C63=1)," + terrestrial","") & IF(OR(D63="1",D63=1)," + aquatic","") & IF(OR(E63="1",E63=1)," + arboreal",""), 4, 999) ) -> terrestrial + aquatic + arboreal | M63: =IF( AND( (COUNTIF(I63:K63,"1")+COUNTIF(I63:K63,1))=0, (COUNTIF(I63:K63,"0")+COUNTIF(I63:K63,0))=0 ), "unknown", IF( (COUNTIF(I63:K63,"1")+COUNTIF(I63:K63,1))>0, MID( IF(OR(I63=1,I63="1")," + direct","") & IF(OR(J63=1,J63="1")," + larval","") & IF(OR(K63=1,K63="1")," + viviparous",""), 4,999), IF( (COUNTIF(I63:K63,"0")+COUNTIF(I63:K63,0))=3, "none", "unknown") ) ) -> larval | N63: =IFERROR(VALUE(INDEX(rawData!$Z:$Z, MATCH($A63, rawData!$E:$E, 0)))=VALUE($F63),"NA") -> TRUE | O63: =IFERROR(VALUE(INDEX(rawData!$AD:$AD, MATCH($A63, rawData!$E:$E, 0)))=VALUE($G63),"NA") -> TRUE | P63: =IFERROR(VALUE(INDEX(rawData!$AE:$AE, MATCH($A63, rawData!$E:$E, 0)))=VALUE($H63),"NA") -> TRUE | Q63: =IFERROR(INDEX(rawData!$F:$F, MATCH($A63, rawData!$E:$E, 0))=$B63,"NA") -> TRUE | R63: =IFERROR(INDEX(rawData!$G:$G, MATCH($A63, rawData!$E:$E, 0))=$C63,"NA") -> TRUE | S63: =IFERROR(INDEX(rawData!$H:$H, MATCH($A63, rawData!$E:$E, 0))=$D63,"NA") -> TRUE | T63: =IFERROR(INDEX(rawData!$I:$I, MATCH($A63, rawData!$E:$E, 0))=$E63,"NA") -> TRUE | U63: =IFERROR(VALUE(INDEX(rawData!$AI:$AI, MATCH($A63, rawData!$E:$E, 0)))=VALUE($I63),"NA") -> TRUE | V63: =IFERROR(VALUE(INDEX(rawData!$AJ:$AJ, MATCH($A63, rawData!$E:$E, 0)))=VALUE($J63),"NA") -> TRUE | W63: =IFERROR(VALUE(INDEX(rawData!$AK:$AK, MATCH($A63, rawData!$E:$E, 0)))=VALUE($K63),"NA") -> TRUE | X63: =IF(COUNTIF(O63:W63,FALSE)>0,FALSE,TRUE) -> TRUE | Y63: 68
A64: Lissotriton montandoni | B64: NA | C64: 1 | D64: NA | E64: NA | F64: 100 | G64: 250 | H64: 250 | I64: 0 | J64: 1 | K64: 0 | L64: =IF( (COUNTIF(B64:E64,"1")+COUNTIF(B64:E64,1))=0, "unknown", MID( IF(OR(B64="1",B64=1)," + fossorial","") & IF(OR(C64="1",C64=1)," + terrestrial","") & IF(OR(D64="1",D64=1)," + aquatic","") & IF(OR(E64="1",E64=1)," + arboreal",""), 4, 999) ) -> terrestrial | M64: =IF( AND( (COUNTIF(I64:K64,"1")+COUNTIF(I64:K64,1))=0, (COUNTIF(I64:K64,"0")+COUNTIF(I64:K64,0))=0 ), "unknown", IF( (COUNTIF(I64:K64,"1")+COUNTIF(I64:K64,1))>0, MID( IF(OR(I64=1,I64="1")," + direct","") & IF(OR(J64=1,J64="1")," + larval","") & IF(OR(K64=1,K64="1")," + viviparous",""), 4,999), IF( (COUNTIF(I64:K64,"0")+COUNTIF(I64:K64,0))=3, "none", "unknown") ) ) -> larval | N64: =IFERROR(VALUE(INDEX(rawData!$Z:$Z, MATCH($A64, rawData!$E:$E, 0)))=VALUE($F64),"NA") -> TRUE | O64: =IFERROR(VALUE(INDEX(rawData!$AD:$AD, MATCH($A64, rawData!$E:$E, 0)))=VALUE($G64),"NA") -> TRUE | P64: =IFERROR(VALUE(INDEX(rawData!$AE:$AE, MATCH($A64, rawData!$E:$E, 0)))=VALUE($H64),"NA") -> TRUE | Q64: =IFERROR(INDEX(rawData!$F:$F, MATCH($A64, rawData!$E:$E, 0))=$B64,"NA") -> TRUE | R64: =IFERROR(INDEX(rawData!$G:$G, MATCH($A64, rawData!$E:$E, 0))=$C64,"NA") -> TRUE | S64: =IFERROR(INDEX(rawData!$H:$H, MATCH($A64, rawData!$E:$E, 0))=$D64,"NA") -> TRUE | T64: =IFERROR(INDEX(rawData!$I:$I, MATCH($A64, rawData!$E:$E, 0))=$E64,"NA") -> TRUE | U64: =IFERROR(VALUE(INDEX(rawData!$AI:$AI, MATCH($A64, rawData!$E:$E, 0)))=VALUE($I64),"NA") -> TRUE | V64: =IFERROR(VALUE(INDEX(rawData!$AJ:$AJ, MATCH($A64, rawData!$E:$E, 0)))=VALUE($J64),"NA") -> TRUE | W64: =IFERROR(VALUE(INDEX(rawData!$AK:$AK, MATCH($A64, rawData!$E:$E, 0)))=VALUE($K64),"NA") -> TRUE | X64: =IF(COUNTIF(O64:W64,FALSE)>0,FALSE,TRUE) -> TRUE | Y64: 68
A65: Mertensophryne micranotis | B65: NA | C65: 1 | D65: 1 | E65: NA | F65: 24 | G65: 8 | H65: 35 | I65: 0 | J65: 1 | K65: 0 | L65: =IF( (COUNTIF(B65:E65,"1")+COUNTIF(B65:E65,1))=0, "unknown", MID( IF(OR(B65="1",B65=1)," + fossorial","") & IF(OR(C65="1",C65=1)," + terrestrial","") & IF(OR(D65="1",D65=1)," + aquatic","") & IF(OR(E65="1",E65=1)," + arboreal",""), 4, 999) ) -> terrestrial + aquatic | M65: =IF( AND( (COUNTIF(I65:K65,"1")+COUNTIF(I65:K65,1))=0, (COUNTIF(I65:K65,"0")+COUNTIF(I65:K65,0))=0 ), "unknown", IF( (COUNTIF(I65:K65,"1")+COUNTIF(I65:K65,1))>0, MID( IF(OR(I65=1,I65="1")," + direct","") & IF(OR(J65=1,J65="1")," + larval","") & IF(OR(K65=1,K65="1")," + viviparous",""), 4,999), IF( (COUNTIF(I65:K65,"0")+COUNTIF(I65:K65,0))=3, "none", "unknown") ) ) -> larval | N65: =IFERROR(VALUE(INDEX(rawData!$Z:$Z, MATCH($A65, rawData!$E:$E, 0)))=VALUE($F65),"NA") -> TRUE | O65: =IFERROR(VALUE(INDEX(rawData!$AD:$AD, MATCH($A65, rawData!$E:$E, 0)))=VALUE($G65),"NA") -> TRUE | P65: =IFERROR(VALUE(INDEX(rawData!$AE:$AE, MATCH($A65, rawData!$E:$E, 0)))=VALUE($H65),"NA") -> TRUE | Q65: =IFERROR(INDEX(rawData!$F:$F, MATCH($A65, rawData!$E:$E, 0))=$B65,"NA") -> TRUE | R65: =IFERROR(INDEX(rawData!$G:$G, MATCH($A65, rawData!$E:$E, 0))=$C65,"NA") -> TRUE | S65: =IFERROR(INDEX(rawData!$H:$H, MATCH($A65, rawData!$E:$E, 0))=$D65,"NA") -> TRUE | T65: =IFERROR(INDEX(rawData!$I:$I, MATCH($A65, rawData!$E:$E, 0))=$E65,"NA") -> TRUE | U65: =IFERROR(VALUE(INDEX(rawData!$AI:$AI, MATCH($A65, rawData!$E:$E, 0)))=VALUE($I65),"NA") -> TRUE | V65: =IFERROR(VALUE(INDEX(rawData!$AJ:$AJ, MATCH($A65, rawData!$E:$E, 0)))=VALUE($J65),"NA") -> TRUE | W65: =IFERROR(VALUE(INDEX(rawData!$AK:$AK, MATCH($A65, rawData!$E:$E, 0)))=VALUE($K65),"NA") -> TRUE | X65: =IF(COUNTIF(O65:W65,FALSE)>0,FALSE,TRUE) -> TRUE | Y65: 72
A66: Chiasmocleis shudikarensis | B66: 1 | C66: 1 | D66: 1 | E66: NA | F66: 32 | G66: 230 | H66: 566 | I66: 0 | J66: 1 | K66: 0 | L66: =IF( (COUNTIF(B66:E66,"1")+COUNTIF(B66:E66,1))=0, "unknown", MID( IF(OR(B66="1",B66=1)," + fossorial","") & IF(OR(C66="1",C66=1)," + terrestrial","") & IF(OR(D66="1",D66=1)," + aquatic","") & IF(OR(E66="1",E66=1)," + arboreal",""), 4, 999) ) -> fossorial + terrestrial + aquatic | M66: =IF( AND( (COUNTIF(I66:K66,"1")+COUNTIF(I66:K66,1))=0, (COUNTIF(I66:K66,"0")+COUNTIF(I66:K66,0))=0 ), "unknown", IF( (COUNTIF(I66:K66,"1")+COUNTIF(I66:K66,1))>0, MID( IF(OR(I66=1,I66="1")," + direct","") & IF(OR(J66=1,J66="1")," + larval","") & IF(OR(K66=1,K66="1")," + viviparous",""), 4,999), IF( (COUNTIF(I66:K66,"0")+COUNTIF(I66:K66,0))=3, "none", "unknown") ) ) -> larval | N66: =IFERROR(VALUE(INDEX(rawData!$Z:$Z, MATCH($A66, rawData!$E:$E, 0)))=VALUE($F66),"NA") -> TRUE | O66: =IFERROR(VALUE(INDEX(rawData!$AD:$AD, MATCH($A66, rawData!$E:$E, 0)))=VALUE($G66),"NA") -> TRUE | P66: =IFERROR(VALUE(INDEX(rawData!$AE:$AE, MATCH($A66, rawData!$E:$E, 0)))=VALUE($H66),"NA") -> TRUE | Q66: =IFERROR(INDEX(rawData!$F:$F, MATCH($A66, rawData!$E:$E, 0))=$B66,"NA") -> TRUE | R66: =IFERROR(INDEX(rawData!$G:$G, MATCH($A66, rawData!$E:$E, 0))=$C66,"NA") -> TRUE | S66: =IFERROR(INDEX(rawData!$H:$H, MATCH($A66, rawData!$E:$E, 0))=$D66,"NA") -> TRUE | T66: =IFERROR(INDEX(rawData!$I:$I, MATCH($A66, rawData!$E:$E, 0))=$E66,"NA") -> TRUE | U66: =IFERROR(VALUE(INDEX(rawData!$AI:$AI, MATCH($A66, rawData!$E:$E, 0)))=VALUE($I66),"NA") -> TRUE | V66: =IFERROR(VALUE(INDEX(rawData!$AJ:$AJ, MATCH($A66, rawData!$E:$E, 0)))=VALUE($J66),"NA") -> TRUE | W66: =IFERROR(VALUE(INDEX(rawData!$AK:$AK, MATCH($A66, rawData!$E:$E, 0)))=VALUE($K66),"NA") -> TRUE | X66: =IF(COUNTIF(O66:W66,FALSE)>0,FALSE,TRUE) -> TRUE | Y66: 72
A67: Scinax squalirostris | B67: NA | C67: 1 | D67: 1 | E67: 1 | F67: 29 | G67: 74 | H67: 400 | I67: 0 | J67: 1 | K67: 0 | L67: =IF( (COUNTIF(B67:E67,"1")+COUNTIF(B67:E67,1))=0, "unknown", MID( IF(OR(B67="1",B67=1)," + fossorial","") & IF(OR(C67="1",C67=1)," + terrestrial","") & IF(OR(D67="1",D67=1)," + aquatic","") & IF(OR(E67="1",E67=1)," + arboreal",""), 4, 999) ) -> terrestrial + aquatic + arboreal | M67: =IF( AND( (COUNTIF(I67:K67,"1")+COUNTIF(I67:K67,1))=0, (COUNTIF(I67:K67,"0")+COUNTIF(I67:K67,0))=0 ), "unknown", IF( (COUNTIF(I67:K67,"1")+COUNTIF(I67:K67,1))>0, MID( IF(OR(I67=1,I67="1")," + direct","") & IF(OR(J67=1,J67="1")," + larval","") & IF(OR(K67=1,K67="1")," + viviparous",""), 4,999), IF( (COUNTIF(I67:K67,"0")+COUNTIF(I67:K67,0))=3, "none", "unknown") ) ) -> larval | N67: =IFERROR(VALUE(INDEX(rawData!$Z:$Z, MATCH($A67, rawData!$E:$E, 0)))=VALUE($F67),"NA") -> TRUE | O67: =IFERROR(VALUE(INDEX(rawData!$AD:$AD, MATCH($A67, rawData!$E:$E, 0)))=VALUE($G67),"NA") -> TRUE | P67: =IFERROR(VALUE(INDEX(rawData!$AE:$AE, MATCH($A67, rawData!$E:$E, 0)))=VALUE($H67),"NA") -> TRUE | Q67: =IFERROR(INDEX(rawData!$F:$F, MATCH($A67, rawData!$E:$E, 0))=$B67,"NA") -> TRUE | R67: =IFERROR(INDEX(rawData!$G:$G, MATCH($A67, rawData!$E:$E, 0))=$C67,"NA") -> TRUE | S67: =IFERROR(INDEX(rawData!$H:$H, MATCH($A67, rawData!$E:$E, 0))=$D67,"NA") -> TRUE | T67: =IFERROR(INDEX(rawData!$I:$I, MATCH($A67, rawData!$E:$E, 0))=$E67,"NA") -> TRUE | U67: =IFERROR(VALUE(INDEX(rawData!$AI:$AI, MATCH($A67, rawData!$E:$E, 0)))=VALUE($I67),"NA") -> TRUE | V67: =IFERROR(VALUE(INDEX(rawData!$AJ:$AJ, MATCH($A67, rawData!$E:$E, 0)))=VALUE($J67),"NA") -> TRUE | W67: =IFERROR(VALUE(INDEX(rawData!$AK:$AK, MATCH($A67, rawData!$E:$E, 0)))=VALUE($K67),"NA") -> TRUE | X67: =IF(COUNTIF(O67:W67,FALSE)>0,FALSE,TRUE) -> TRUE | Y67: 73
A68: Phrynomedusa appendiculata | B68: NA | C68: 1 | D68: NA | E68: 1 | F68: 37.4 | G68: 50 | H68: 50 | I68: 0 | J68: 1 | K68: 0 | L68: =IF( (COUNTIF(B68:E68,"1")+COUNTIF(B68:E68,1))=0, "unknown", MID( IF(OR(B68="1",B68=1)," + fossorial","") & IF(OR(C68="1",C68=1)," + terrestrial","") & IF(OR(D68="1",D68=1)," + aquatic","") & IF(OR(E68="1",E68=1)," + arboreal",""), 4, 999) ) -> terrestrial + arboreal | M68: =IF( AND( (COUNTIF(I68:K68,"1")+COUNTIF(I68:K68,1))=0, (COUNTIF(I68:K68,"0")+COUNTIF(I68:K68,0))=0 ), "unknown", IF( (COUNTIF(I68:K68,"1")+COUNTIF(I68:K68,1))>0, MID( IF(OR(I68=1,I68="1")," + direct","") & IF(OR(J68=1,J68="1")," + larval","") & IF(OR(K68=1,K68="1")," + viviparous",""), 4,999), IF( (COUNTIF(I68:K68,"0")+COUNTIF(I68:K68,0))=3, "none", "unknown") ) ) -> larval | N68: =IFERROR(VALUE(INDEX(rawData!$Z:$Z, MATCH($A68, rawData!$E:$E, 0)))=VALUE($F68),"NA") -> TRUE | O68: =IFERROR(VALUE(INDEX(rawData!$AD:$AD, MATCH($A68, rawData!$E:$E, 0)))=VALUE($G68),"NA") -> TRUE | P68: =IFERROR(VALUE(INDEX(rawData!$AE:$AE, MATCH($A68, rawData!$E:$E, 0)))=VALUE($H68),"NA") -> TRUE | Q68: =IFERROR(INDEX(rawData!$F:$F, MATCH($A68, rawData!$E:$E, 0))=$B68,"NA") -> TRUE | R68: =IFERROR(INDEX(rawData!$G:$G, MATCH($A68, rawData!$E:$E, 0))=$C68,"NA") -> TRUE | S68: =IFERROR(INDEX(rawData!$H:$H, MATCH($A68, rawData!$E:$E, 0))=$D68,"NA") -> TRUE | T68: =IFERROR(INDEX(rawData!$I:$I, MATCH($A68, rawData!$E:$E, 0))=$E68,"NA") -> TRUE | U68: =IFERROR(VALUE(INDEX(rawData!$AI:$AI, MATCH($A68, rawData!$E:$E, 0)))=VALUE($I68),"NA") -> TRUE | V68: =IFERROR(VALUE(INDEX(rawData!$AJ:$AJ, MATCH($A68, rawData!$E:$E, 0)))=VALUE($J68),"NA") -> TRUE | W68: =IFERROR(VALUE(INDEX(rawData!$AK:$AK, MATCH($A68, rawData!$E:$E, 0)))=VALUE($K68),"NA") -> TRUE | X68: =IF(COUNTIF(O68:W68,FALSE)>0,FALSE,TRUE) -> TRUE | Y68: 75
A69: Andrias davidianus | B69: NA | C69: NA | D69: 1 | E69: NA | F69: 900 | G69: 300 | H69: 600 | I69: 0 | J69: 1 | K69: 0 | L69: =IF( (COUNTIF(B69:E69,"1")+COUNTIF(B69:E69,1))=0, "unknown", MID( IF(OR(B69="1",B69=1)," + fossorial","") & IF(OR(C69="1",C69=1)," + terrestrial","") & IF(OR(D69="1",D69=1)," + aquatic","") & IF(OR(E69="1",E69=1)," + arboreal",""), 4, 999) ) -> aquatic | M69: =IF( AND( (COUNTIF(I69:K69,"1")+COUNTIF(I69:K69,1))=0, (COUNTIF(I69:K69,"0")+COUNTIF(I69:K69,0))=0 ), "unknown", IF( (COUNTIF(I69:K69,"1")+COUNTIF(I69:K69,1))>0, MID( IF(OR(I69=1,I69="1")," + direct","") & IF(OR(J69=1,J69="1")," + larval","") & IF(OR(K69=1,K69="1")," + viviparous",""), 4,999), IF( (COUNTIF(I69:K69,"0")+COUNTIF(I69:K69,0))=3, "none", "unknown") ) ) -> larval | N69: =IFERROR(VALUE(INDEX(rawData!$Z:$Z, MATCH($A69, rawData!$E:$E, 0)))=VALUE($F69),"NA") -> TRUE | O69: =IFERROR(VALUE(INDEX(rawData!$AD:$AD, MATCH($A69, rawData!$E:$E, 0)))=VALUE($G69),"NA") -> TRUE | P69: =IFERROR(VALUE(INDEX(rawData!$AE:$AE, MATCH($A69, rawData!$E:$E, 0)))=VALUE($H69),"NA") -> TRUE | Q69: =IFERROR(INDEX(rawData!$F:$F, MATCH($A69, rawData!$E:$E, 0))=$B69,"NA") -> TRUE | R69: =IFERROR(INDEX(rawData!$G:$G, MATCH($A69, rawData!$E:$E, 0))=$C69,"NA") -> TRUE | S69: =IFERROR(INDEX(rawData!$H:$H, MATCH($A69, rawData!$E:$E, 0))=$D69,"NA") -> TRUE | T69: =IFERROR(INDEX(rawData!$I:$I, MATCH($A69, rawData!$E:$E, 0))=$E69,"NA") -> TRUE | U69: =IFERROR(VALUE(INDEX(rawData!$AI:$AI, MATCH($A69, rawData!$E:$E, 0)))=VALUE($I69),"NA") -> TRUE | V69: =IFERROR(VALUE(INDEX(rawData!$AJ:$AJ, MATCH($A69, rawData!$E:$E, 0)))=VALUE($J69),"NA") -> TRUE | W69: =IFERROR(VALUE(INDEX(rawData!$AK:$AK, MATCH($A69, rawData!$E:$E, 0)))=VALUE($K69),"NA") -> TRUE | X69: =IF(COUNTIF(O69:W69,FALSE)>0,FALSE,TRUE) -> TRUE | Y69: 76
A70: Ranitomeya ventrimaculata | B70: NA | C70: 1 | D70: 1 | E70: 1 | F70: 18 | G70: 1 | H70: 6 | I70: 0 | J70: 1 | K70: 0 | L70: =IF( (COUNTIF(B70:E70,"1")+COUNTIF(B70:E70,1))=0, "unknown", MID( IF(OR(B70="1",B70=1)," + fossorial","") & IF(OR(C70="1",C70=1)," + terrestrial","") & IF(OR(D70="1",D70=1)," + aquatic","") & IF(OR(E70="1",E70=1)," + arboreal",""), 4, 999) ) -> terrestrial + aquatic + arboreal | M70: =IF( AND( (COUNTIF(I70:K70,"1")+COUNTIF(I70:K70,1))=0, (COUNTIF(I70:K70,"0")+COUNTIF(I70:K70,0))=0 ), "unknown", IF( (COUNTIF(I70:K70,"1")+COUNTIF(I70:K70,1))>0, MID( IF(OR(I70=1,I70="1")," + direct","") & IF(OR(J70=1,J70="1")," + larval","") & IF(OR(K70=1,K70="1")," + viviparous",""), 4,999), IF( (COUNTIF(I70:K70,"0")+COUNTIF(I70:K70,0))=3, "none", "unknown") ) ) -> larval | N70: =IFERROR(VALUE(INDEX(rawData!$Z:$Z, MATCH($A70, rawData!$E:$E, 0)))=VALUE($F70),"NA") -> TRUE | O70: =IFERROR(VALUE(INDEX(rawData!$AD:$AD, MATCH($A70, rawData!$E:$E, 0)))=VALUE($G70),"NA") -> TRUE | P70: =IFERROR(VALUE(INDEX(rawData!$AE:$AE, MATCH($A70, rawData!$E:$E, 0)))=VALUE($H70),"NA") -> TRUE | Q70: =IFERROR(INDEX(rawData!$F:$F, MATCH($A70, rawData!$E:$E, 0))=$B70,"NA") -> TRUE | R70: =IFERROR(INDEX(rawData!$G:$G, MATCH($A70, rawData!$E:$E, 0))=$C70,"NA") -> TRUE | S70: =IFERROR(INDEX(rawData!$H:$H, MATCH($A70, rawData!$E:$E, 0))=$D70,"NA") -> TRUE | T70: =IFERROR(INDEX(rawData!$I:$I, MATCH($A70, rawData!$E:$E, 0))=$E70,"NA") -> TRUE | U70: =IFERROR(VALUE(INDEX(rawData!$AI:$AI, MATCH($A70, rawData!$E:$E, 0)))=VALUE($I70),"NA") -> TRUE | V70: =IFERROR(VALUE(INDEX(rawData!$AJ:$AJ, MATCH($A70, rawData!$E:$E, 0)))=VALUE($J70),"NA") -> TRUE | W70: =IFERROR(VALUE(INDEX(rawData!$AK:$AK, MATCH($A70, rawData!$E:$E, 0)))=VALUE($K70),"NA") -> TRUE | X70: =IF(COUNTIF(O70:W70,FALSE)>0,FALSE,TRUE) -> TRUE | Y70: 77
A71: Litoria australis | B71: 1 | C71: 1 | D71: NA | E71: NA | F71: 100 | G71: 150 | H71: 4000 | I71: 0 | J71: 1 | K71: 0 | L71: =IF( (COUNTIF(B71:E71,"1")+COUNTIF(B71:E71,1))=0, "unknown", MID( IF(OR(B71="1",B71=1)," + fossorial","") & IF(OR(C71="1",C71=1)," + terrestrial","") & IF(OR(D71="1",D71=1)," + aquatic","") & IF(OR(E71="1",E71=1)," + arboreal",""), 4, 999) ) -> fossorial + terrestrial | M71: =IF( AND( (COUNTIF(I71:K71,"1")+COUNTIF(I71:K71,1))=0, (COUNTIF(I71:K71,"0")+COUNTIF(I71:K71,0))=0 ), "unknown", IF( (COUNTIF(I71:K71,"1")+COUNTIF(I71:K71,1))>0, MID( IF(OR(I71=1,I71="1")," + direct","") & IF(OR(J71=1,J71="1")," + larval","") & IF(OR(K71=1,K71="1")," + viviparous",""), 4,999), IF( (COUNTIF(I71:K71,"0")+COUNTIF(I71:K71,0))=3, "none", "unknown") ) ) -> larval | N71: =IFERROR(VALUE(INDEX(rawData!$Z:$Z, MATCH($A71, rawData!$E:$E, 0)))=VALUE($F71),"NA") -> TRUE | O71: =IFERROR(VALUE(INDEX(rawData!$AD:$AD, MATCH($A71, rawData!$E:$E, 0)))=VALUE($G71),"NA") -> TRUE | P71: =IFERROR(VALUE(INDEX(rawData!$AE:$AE, MATCH($A71, rawData!$E:$E, 0)))=VALUE($H71),"NA") -> TRUE | Q71: =IFERROR(INDEX(rawData!$F:$F, MATCH($A71, rawData!$E:$E, 0))=$B71,"NA") -> TRUE | R71: =IFERROR(INDEX(rawData!$G:$G, MATCH($A71, rawData!$E:$E, 0))=$C71,"NA") -> TRUE | S71: =IFERROR(INDEX(rawData!$H:$H, MATCH($A71, rawData!$E:$E, 0))=$D71,"NA") -> TRUE | T71: =IFERROR(INDEX(rawData!$I:$I, MATCH($A71, rawData!$E:$E, 0))=$E71,"NA") -> TRUE | U71: =IFERROR(VALUE(INDEX(rawData!$AI:$AI, MATCH($A71, rawData!$E:$E, 0)))=VALUE($I71),"NA") -> TRUE | V71: =IFERROR(VALUE(INDEX(rawData!$AJ:$AJ, MATCH($A71, rawData!$E:$E, 0)))=VALUE($J71),"NA") -> TRUE | W71: =IFERROR(VALUE(INDEX(rawData!$AK:$AK, MATCH($A71, rawData!$E:$E, 0)))=VALUE($K71),"NA") -> TRUE | X71: =IF(COUNTIF(O71:W71,FALSE)>0,FALSE,TRUE) -> TRUE | Y71: 77
A72: Physalaemus olfersii | B72: NA | C72: 1 | D72: 1 | E72: NA | F72: 41 | G72: 442 | H72: 764 | I72: 0 | J72: 1 | K72: 0 | L72: =IF( (COUNTIF(B72:E72,"1")+COUNTIF(B72:E72,1))=0, "unknown", MID( IF(OR(B72="1",B72=1)," + fossorial","") & IF(OR(C72="1",C72=1)," + terrestrial","") & IF(OR(D72="1",D72=1)," + aquatic","") & IF(OR(E72="1",E72=1)," + arboreal",""), 4, 999) ) -> terrestrial + aquatic | M72: =IF( AND( (COUNTIF(I72:K72,"1")+COUNTIF(I72:K72,1))=0, (COUNTIF(I72:K72,"0")+COUNTIF(I72:K72,0))=0 ), "unknown", IF( (COUNTIF(I72:K72,"1")+COUNTIF(I72:K72,1))>0, MID( IF(OR(I72=1,I72="1")," + direct","") & IF(OR(J72=1,J72="1")," + larval","") & IF(OR(K72=1,K72="1")," + viviparous",""), 4,999), IF( (COUNTIF(I72:K72,"0")+COUNTIF(I72:K72,0))=3, "none", "unknown") ) ) -> larval | N72: =IFERROR(VALUE(INDEX(rawData!$Z:$Z, MATCH($A72, rawData!$E:$E, 0)))=VALUE($F72),"NA") -> TRUE | O72: =IFERROR(VALUE(INDEX(rawData!$AD:$AD, MATCH($A72, rawData!$E:$E, 0)))=VALUE($G72),"NA") -> TRUE | P72: =IFERROR(VALUE(INDEX(rawData!$AE:$AE, MATCH($A72, rawData!$E:$E, 0)))=VALUE($H72),"NA") -> TRUE | Q72: =IFERROR(INDEX(rawData!$F:$F, MATCH($A72, rawData!$E:$E, 0))=$B72,"NA") -> TRUE | R72: =IFERROR(INDEX(rawData!$G:$G, MATCH($A72, rawData!$E:$E, 0))=$C72,"NA") -> TRUE | S72: =IFERROR(INDEX(rawData!$H:$H, MATCH($A72, rawData!$E:$E, 0))=$D72,"NA") -> TRUE | T72: =IFERROR(INDEX(rawData!$I:$I, MATCH($A72, rawData!$E:$E, 0))=$E72,"NA") -> TRUE | U72: =IFERROR(VALUE(INDEX(rawData!$AI:$AI, MATCH($A72, rawData!$E:$E, 0)))=VALUE($I72),"NA") -> TRUE | V72: =IFERROR(VALUE(INDEX(rawData!$AJ:$AJ, MATCH($A72, rawData!$E:$E, 0)))=VALUE($J72),"NA") -> TRUE | W72: =IFERROR(VALUE(INDEX(rawData!$AK:$AK, MATCH($A72, rawData!$E:$E, 0)))=VALUE($K72),"NA") -> TRUE | X72: =IF(COUNTIF(O72:W72,FALSE)>0,FALSE,TRUE) -> TRUE | Y72: 79
A73: Pseudophryne australis | B73: NA | C73: 1 | D73: 1 | E73: NA | F73: 30 | G73: 16 | H73: 16 | I73: 0 | J73: 1 | K73: 0 | L73: =IF( (COUNTIF(B73:E73,"1")+COUNTIF(B73:E73,1))=0, "unknown", MID( IF(OR(B73="1",B73=1)," + fossorial","") & IF(OR(C73="1",C73=1)," + terrestrial","") & IF(OR(D73="1",D73=1)," + aquatic","") & IF(OR(E73="1",E73=1)," + arboreal",""), 4, 999) ) -> terrestrial + aquatic | M73: =IF( AND( (COUNTIF(I73:K73,"1")+COUNTIF(I73:K73,1))=0, (COUNTIF(I73:K73,"0")+COUNTIF(I73:K73,0))=0 ), "unknown", IF( (COUNTIF(I73:K73,"1")+COUNTIF(I73:K73,1))>0, MID( IF(OR(I73=1,I73="1")," + direct","") & IF(OR(J73=1,J73="1")," + larval","") & IF(OR(K73=1,K73="1")," + viviparous",""), 4,999), IF( (COUNTIF(I73:K73,"0")+COUNTIF(I73:K73,0))=3, "none", "unknown") ) ) -> larval | N73: =IFERROR(VALUE(INDEX(rawData!$Z:$Z, MATCH($A73, rawData!$E:$E, 0)))=VALUE($F73),"NA") -> TRUE | O73: =IFERROR(VALUE(INDEX(rawData!$AD:$AD, MATCH($A73, rawData!$E:$E, 0)))=VALUE($G73),"NA") -> TRUE | P73: =IFERROR(VALUE(INDEX(rawData!$AE:$AE, MATCH($A73, rawData!$E:$E, 0)))=VALUE($H73),"NA") -> TRUE | Q73: =IFERROR(INDEX(rawData!$F:$F, MATCH($A73, rawData!$E:$E, 0))=$B73,"NA") -> TRUE | R73: =IFERROR(INDEX(rawData!$G:$G, MATCH($A73, rawData!$E:$E, 0))=$C73,"NA") -> TRUE | S73: =IFERROR(INDEX(rawData!$H:$H, MATCH($A73, rawData!$E:$E, 0))=$D73,"NA") -> TRUE | T73: =IFERROR(INDEX(rawData!$I:$I, MATCH($A73, rawData!$E:$E, 0))=$E73,"NA") -> TRUE | U73: =IFERROR(VALUE(INDEX(rawData!$AI:$AI, MATCH($A73, rawData!$E:$E, 0)))=VALUE($I73),"NA") -> TRUE | V73: =IFERROR(VALUE(INDEX(rawData!$AJ:$AJ, MATCH($A73, rawData!$E:$E, 0)))=VALUE($J73),"NA") -> TRUE | W73: =IFERROR(VALUE(INDEX(rawData!$AK:$AK, MATCH($A73, rawData!$E:$E, 0)))=VALUE($K73),"NA") -> TRUE | X73: =IF(COUNTIF(O73:W73,FALSE)>0,FALSE,TRUE) -> TRUE | Y73: 79
A74: Pseudepidalea pewzowi | B74: NA | C74: 1 | D74: NA | E74: NA | F74: 80.3 | G74: 3250 | H74: 3250 | I74: 0 | J74: 1 | K74: 0 | L74: =IF( (COUNTIF(B74:E74,"1")+COUNTIF(B74:E74,1))=0, "unknown", MID( IF(OR(B74="1",B74=1)," + fossorial","") & IF(OR(C74="1",C74=1)," + terrestrial","") & IF(OR(D74="1",D74=1)," + aquatic","") & IF(OR(E74="1",E74=1)," + arboreal",""), 4, 999) ) -> terrestrial | M74: =IF( AND( (COUNTIF(I74:K74,"1")+COUNTIF(I74:K74,1))=0, (COUNTIF(I74:K74,"0")+COUNTIF(I74:K74,0))=0 ), "unknown", IF( (COUNTIF(I74:K74,"1")+COUNTIF(I74:K74,1))>0, MID( IF(OR(I74=1,I74="1")," + direct","") & IF(OR(J74=1,J74="1")," + larval","") & IF(OR(K74=1,K74="1")," + viviparous",""), 4,999), IF( (COUNTIF(I74:K74,"0")+COUNTIF(I74:K74,0))=3, "none", "unknown") ) ) -> larval | N74: =IFERROR(VALUE(INDEX(rawData!$Z:$Z, MATCH($A74, rawData!$E:$E, 0)))=VALUE($F74),"NA") -> TRUE | O74: =IFERROR(VALUE(INDEX(rawData!$AD:$AD, MATCH($A74, rawData!$E:$E, 0)))=VALUE($G74),"NA") -> TRUE | P74: =IFERROR(VALUE(INDEX(rawData!$AE:$AE, MATCH($A74, rawData!$E:$E, 0)))=VALUE($H74),"NA") -> TRUE | Q74: =IFERROR(INDEX(rawData!$F:$F, MATCH($A74, rawData!$E:$E, 0))=$B74,"NA") -> TRUE | R74: =IFERROR(INDEX(rawData!$G:$G, MATCH($A74, rawData!$E:$E, 0))=$C74,"NA") -> TRUE | S74: =IFERROR(INDEX(rawData!$H:$H, MATCH($A74, rawData!$E:$E, 0))=$D74,"NA") -> TRUE | T74: =IFERROR(INDEX(rawData!$I:$I, MATCH($A74, rawData!$E:$E, 0))=$E74,"NA") -> TRUE | U74: =IFERROR(VALUE(INDEX(rawData!$AI:$AI, MATCH($A74, rawData!$E:$E, 0)))=VALUE($I74),"NA") -> TRUE | V74: =IFERROR(VALUE(INDEX(rawData!$AJ:$AJ, MATCH($A74, rawData!$E:$E, 0)))=VALUE($J74),"NA") -> TRUE | W74: =IFERROR(VALUE(INDEX(rawData!$AK:$AK, MATCH($A74, rawData!$E:$E, 0)))=VALUE($K74),"NA") -> TRUE | X74: =IF(COUNTIF(O74:W74,FALSE)>0,FALSE,TRUE) -> TRUE | Y74: 80
A75: Boophis viridis | B75: NA | C75: NA | D75: NA | E75: 1 | F75: 35 | G75: 154 | H75: 154 | I75: 0 | J75: 1 | K75: 0 | L75: =IF( (COUNTIF(B75:E75,"1")+COUNTIF(B75:E75,1))=0, "unknown", MID( IF(OR(B75="1",B75=1)," + fossorial","") & IF(OR(C75="1",C75=1)," + terrestrial","") & IF(OR(D75="1",D75=1)," + aquatic","") & IF(OR(E75="1",E75=1)," + arboreal",""), 4, 999) ) -> arboreal | M75: =IF( AND( (COUNTIF(I75:K75,"1")+COUNTIF(I75:K75,1))=0, (COUNTIF(I75:K75,"0")+COUNTIF(I75:K75,0))=0 ), "unknown", IF( (COUNTIF(I75:K75,"1")+COUNTIF(I75:K75,1))>0, MID( IF(OR(I75=1,I75="1")," + direct","") & IF(OR(J75=1,J75="1")," + larval","") & IF(OR(K75=1,K75="1")," + viviparous",""), 4,999), IF( (COUNTIF(I75:K75,"0")+COUNTIF(I75:K75,0))=3, "none", "unknown") ) ) -> larval | N75: =IFERROR(VALUE(INDEX(rawData!$Z:$Z, MATCH($A75, rawData!$E:$E, 0)))=VALUE($F75),"NA") -> TRUE | O75: =IFERROR(VALUE(INDEX(rawData!$AD:$AD, MATCH($A75, rawData!$E:$E, 0)))=VALUE($G75),"NA") -> TRUE | P75: =IFERROR(VALUE(INDEX(rawData!$AE:$AE, MATCH($A75, rawData!$E:$E, 0)))=VALUE($H75),"NA") -> TRUE | Q75: =IFERROR(INDEX(rawData!$F:$F, MATCH($A75, rawData!$E:$E, 0))=$B75,"NA") -> TRUE | R75: =IFERROR(INDEX(rawData!$G:$G, MATCH($A75, rawData!$E:$E, 0))=$C75,"NA") -> TRUE | S75: =IFERROR(INDEX(rawData!$H:$H, MATCH($A75, rawData!$E:$E, 0))=$D75,"NA") -> TRUE | T75: =IFERROR(INDEX(rawData!$I:$I, MATCH($A75, rawData!$E:$E, 0))=$E75,"NA") -> TRUE | U75: =IFERROR(VALUE(INDEX(rawData!$AI:$AI, MATCH($A75, rawData!$E:$E, 0)))=VALUE($I75),"NA") -> TRUE | V75: =IFERROR(VALUE(INDEX(rawData!$AJ:$AJ, MATCH($A75, rawData!$E:$E, 0)))=VALUE($J75),"NA") -> TRUE | W75: =IFERROR(VALUE(INDEX(rawData!$AK:$AK, MATCH($A75, rawData!$E:$E, 0)))=VALUE($K75),"NA") -> TRUE | X75: =IF(COUNTIF(O75:W75,FALSE)>0,FALSE,TRUE) -> TRUE | Y75: 80
A76: Mixophyes schevilli | B76: NA | C76: 1 | D76: 1 | E76: NA | F76: 90 | G76: 426 | H76: 428 | I76: 0 | J76: 1 | K76: 0 | L76: =IF( (COUNTIF(B76:E76,"1")+COUNTIF(B76:E76,1))=0, "unknown", MID( IF(OR(B76="1",B76=1)," + fossorial","") & IF(OR(C76="1",C76=1)," + terrestrial","") & IF(OR(D76="1",D76=1)," + aquatic","") & IF(OR(E76="1",E76=1)," + arboreal",""), 4, 999) ) -> terrestrial + aquatic | M76: =IF( AND( (COUNTIF(I76:K76,"1")+COUNTIF(I76:K76,1))=0, (COUNTIF(I76:K76,"0")+COUNTIF(I76:K76,0))=0 ), "unknown", IF( (COUNTIF(I76:K76,"1")+COUNTIF(I76:K76,1))>0, MID( IF(OR(I76=1,I76="1")," + direct","") & IF(OR(J76=1,J76="1")," + larval","") & IF(OR(K76=1,K76="1")," + viviparous",""), 4,999), IF( (COUNTIF(I76:K76,"0")+COUNTIF(I76:K76,0))=3, "none", "unknown") ) ) -> larval | N76: =IFERROR(VALUE(INDEX(rawData!$Z:$Z, MATCH($A76, rawData!$E:$E, 0)))=VALUE($F76),"NA") -> TRUE | O76: =IFERROR(VALUE(INDEX(rawData!$AD:$AD, MATCH($A76, rawData!$E:$E, 0)))=VALUE($G76),"NA") -> TRUE | P76: =IFERROR(VALUE(INDEX(rawData!$AE:$AE, MATCH($A76, rawData!$E:$E, 0)))=VALUE($H76),"NA") -> TRUE | Q76: =IFERROR(INDEX(rawData!$F:$F, MATCH($A76, rawData!$E:$E, 0))=$B76,"NA") -> TRUE | R76: =IFERROR(INDEX(rawData!$G:$G, MATCH($A76, rawData!$E:$E, 0))=$C76,"NA") -> TRUE | S76: =IFERROR(INDEX(rawData!$H:$H, MATCH($A76, rawData!$E:$E, 0))=$D76,"NA") -> TRUE | T76: =IFERROR(INDEX(rawData!$I:$I, MATCH($A76, rawData!$E:$E, 0))=$E76,"NA") -> TRUE | U76: =IFERROR(VALUE(INDEX(rawData!$AI:$AI, MATCH($A76, rawData!$E:$E, 0)))=VALUE($I76),"NA") -> TRUE | V76: =IFERROR(VALUE(INDEX(rawData!$AJ:$AJ, MATCH($A76, rawData!$E:$E, 0)))=VALUE($J76),"NA") -> TRUE | W76: =IFERROR(VALUE(INDEX(rawData!$AK:$AK, MATCH($A76, rawData!$E:$E, 0)))=VALUE($K76),"NA") -> TRUE | X76: =IF(COUNTIF(O76:W76,FALSE)>0,FALSE,TRUE) -> TRUE | Y76: 80
A77: Odorrana tormota | B77: NA | C77: 1 | D77: 1 | E77: 1 | F77: 60 | G77: 516 | H77: 663 | I77: 0 | J77: 1 | K77: 0 | L77: =IF( (COUNTIF(B77:E77,"1")+COUNTIF(B77:E77,1))=0, "unknown", MID( IF(OR(B77="1",B77=1)," + fossorial","") & IF(OR(C77="1",C77=1)," + terrestrial","") & IF(OR(D77="1",D77=1)," + aquatic","") & IF(OR(E77="1",E77=1)," + arboreal",""), 4, 999) ) -> terrestrial + aquatic + arboreal | M77: =IF( AND( (COUNTIF(I77:K77,"1")+COUNTIF(I77:K77,1))=0, (COUNTIF(I77:K77,"0")+COUNTIF(I77:K77,0))=0 ), "unknown", IF( (COUNTIF(I77:K77,"1")+COUNTIF(I77:K77,1))>0, MID( IF(OR(I77=1,I77="1")," + direct","") & IF(OR(J77=1,J77="1")," + larval","") & IF(OR(K77=1,K77="1")," + viviparous",""), 4,999), IF( (COUNTIF(I77:K77,"0")+COUNTIF(I77:K77,0))=3, "none", "unknown") ) ) -> larval | N77: =IFERROR(VALUE(INDEX(rawData!$Z:$Z, MATCH($A77, rawData!$E:$E, 0)))=VALUE($F77),"NA") -> TRUE | O77: =IFERROR(VALUE(INDEX(rawData!$AD:$AD, MATCH($A77, rawData!$E:$E, 0)))=VALUE($G77),"NA") -> TRUE | P77: =IFERROR(VALUE(INDEX(rawData!$AE:$AE, MATCH($A77, rawData!$E:$E, 0)))=VALUE($H77),"NA") -> TRUE | Q77: =IFERROR(INDEX(rawData!$F:$F, MATCH($A77, rawData!$E:$E, 0))=$B77,"NA") -> TRUE | R77: =IFERROR(INDEX(rawData!$G:$G, MATCH($A77, rawData!$E:$E, 0))=$C77,"NA") -> TRUE | S77: =IFERROR(INDEX(rawData!$H:$H, MATCH($A77, rawData!$E:$E, 0))=$D77,"NA") -> TRUE | T77: =IFERROR(INDEX(rawData!$I:$I, MATCH($A77, rawData!$E:$E, 0))=$E77,"NA") -> TRUE | U77: =IFERROR(VALUE(INDEX(rawData!$AI:$AI, MATCH($A77, rawData!$E:$E, 0)))=VALUE($I77),"NA") -> TRUE | V77: =IFERROR(VALUE(INDEX(rawData!$AJ:$AJ, MATCH($A77, rawData!$E:$E, 0)))=VALUE($J77),"NA") -> TRUE | W77: =IFERROR(VALUE(INDEX(rawData!$AK:$AK, MATCH($A77, rawData!$E:$E, 0)))=VALUE($K77),"NA") -> TRUE | X77: =IF(COUNTIF(O77:W77,FALSE)>0,FALSE,TRUE) -> TRUE | Y77: 80
A78: Rhinella dapsilis | B78: NA | C78: 1 | D78: NA | E78: NA | F78: 77 | G78: 22 | H78: 22 | I78: 0 | J78: 1 | K78: 0 | L78: =IF( (COUNTIF(B78:E78,"1")+COUNTIF(B78:E78,1))=0, "unknown", MID( IF(OR(B78="1",B78=1)," + fossorial","") & IF(OR(C78="1",C78=1)," + terrestrial","") & IF(OR(D78="1",D78=1)," + aquatic","") & IF(OR(E78="1",E78=1)," + arboreal",""), 4, 999) ) -> terrestrial | M78: =IF( AND( (COUNTIF(I78:K78,"1")+COUNTIF(I78:K78,1))=0, (COUNTIF(I78:K78,"0")+COUNTIF(I78:K78,0))=0 ), "unknown", IF( (COUNTIF(I78:K78,"1")+COUNTIF(I78:K78,1))>0, MID( IF(OR(I78=1,I78="1")," + direct","") & IF(OR(J78=1,J78="1")," + larval","") & IF(OR(K78=1,K78="1")," + viviparous",""), 4,999), IF( (COUNTIF(I78:K78,"0")+COUNTIF(I78:K78,0))=3, "none", "unknown") ) ) -> larval | N78: =IFERROR(VALUE(INDEX(rawData!$Z:$Z, MATCH($A78, rawData!$E:$E, 0)))=VALUE($F78),"NA") -> TRUE | O78: =IFERROR(VALUE(INDEX(rawData!$AD:$AD, MATCH($A78, rawData!$E:$E, 0)))=VALUE($G78),"NA") -> TRUE | P78: =IFERROR(VALUE(INDEX(rawData!$AE:$AE, MATCH($A78, rawData!$E:$E, 0)))=VALUE($H78),"NA") -> TRUE | Q78: =IFERROR(INDEX(rawData!$F:$F, MATCH($A78, rawData!$E:$E, 0))=$B78,"NA") -> TRUE | R78: =IFERROR(INDEX(rawData!$G:$G, MATCH($A78, rawData!$E:$E, 0))=$C78,"NA") -> TRUE | S78: =IFERROR(INDEX(rawData!$H:$H, MATCH($A78, rawData!$E:$E, 0))=$D78,"NA") -> TRUE | T78: =IFERROR(INDEX(rawData!$I:$I, MATCH($A78, rawData!$E:$E, 0))=$E78,"NA") -> TRUE | U78: =IFERROR(VALUE(INDEX(rawData!$AI:$AI, MATCH($A78, rawData!$E:$E, 0)))=VALUE($I78),"NA") -> TRUE | V78: =IFERROR(VALUE(INDEX(rawData!$AJ:$AJ, MATCH($A78, rawData!$E:$E, 0)))=VALUE($J78),"NA") -> TRUE | W78: =IFERROR(VALUE(INDEX(rawData!$AK:$AK, MATCH($A78, rawData!$E:$E, 0)))=VALUE($K78),"NA") -> TRUE | X78: =IF(COUNTIF(O78:W78,FALSE)>0,FALSE,TRUE) -> TRUE | Y78: 82
A79: Osteocephalus cabrerai | B79: NA | C79: 1 | D79: NA | E79: 1 | F79: 71.4 | G79: 879 | H79: 1100 | I79: 0 | J79: 1 | K79: 0 | L79: =IF( (COUNTIF(B79:E79,"1")+COUNTIF(B79:E79,1))=0, "unknown", MID( IF(OR(B79="1",B79=1)," + fossorial","") & IF(OR(C79="1",C79=1)," + terrestrial","") & IF(OR(D79="1",D79=1)," + aquatic","") & IF(OR(E79="1",E79=1)," + arboreal",""), 4, 999) ) -> terrestrial + arboreal | M79: =IF( AND( (COUNTIF(I79:K79,"1")+COUNTIF(I79:K79,1))=0, (COUNTIF(I79:K79,"0")+COUNTIF(I79:K79,0))=0 ), "unknown", IF( (COUNTIF(I79:K79,"1")+COUNTIF(I79:K79,1))>0, MID( IF(OR(I79=1,I79="1")," + direct","") & IF(OR(J79=1,J79="1")," + larval","") & IF(OR(K79=1,K79="1")," + viviparous",""), 4,999), IF( (COUNTIF(I79:K79,"0")+COUNTIF(I79:K79,0))=3, "none", "unknown") ) ) -> larval | N79: =IFERROR(VALUE(INDEX(rawData!$Z:$Z, MATCH($A79, rawData!$E:$E, 0)))=VALUE($F79),"NA") -> TRUE | O79: =IFERROR(VALUE(INDEX(rawData!$AD:$AD, MATCH($A79, rawData!$E:$E, 0)))=VALUE($G79),"NA") -> TRUE | P79: =IFERROR(VALUE(INDEX(rawData!$AE:$AE, MATCH($A79, rawData!$E:$E, 0)))=VALUE($H79),"NA") -> TRUE | Q79: =IFERROR(INDEX(rawData!$F:$F, MATCH($A79, rawData!$E:$E, 0))=$B79,"NA") -> TRUE | R79: =IFERROR(INDEX(rawData!$G:$G, MATCH($A79, rawData!$E:$E, 0))=$C79,"NA") -> TRUE | S79: =IFERROR(INDEX(rawData!$H:$H, MATCH($A79, rawData!$E:$E, 0))=$D79,"NA") -> TRUE | T79: =IFERROR(INDEX(rawData!$I:$I, MATCH($A79, rawData!$E:$E, 0))=$E79,"NA") -> TRUE | U79: =IFERROR(VALUE(INDEX(rawData!$AI:$AI, MATCH($A79, rawData!$E:$E, 0)))=VALUE($I79),"NA") -> TRUE | V79: =IFERROR(VALUE(INDEX(rawData!$AJ:$AJ, MATCH($A79, rawData!$E:$E, 0)))=VALUE($J79),"NA") -> TRUE | W79: =IFERROR(VALUE(INDEX(rawData!$AK:$AK, MATCH($A79, rawData!$E:$E, 0)))=VALUE($K79),"NA") -> TRUE | X79: =IF(COUNTIF(O79:W79,FALSE)>0,FALSE,TRUE) -> TRUE | Y79: 83
A80: Leptodactylus podicipinus | B80: NA | C80: 1 | D80: 1 | E80: NA | F80: 54 | G80: 1708 | H80: 2953 | I80: 0 | J80: 1 | K80: 0 | L80: =IF( (COUNTIF(B80:E80,"1")+COUNTIF(B80:E80,1))=0, "unknown", MID( IF(OR(B80="1",B80=1)," + fossorial","") & IF(OR(C80="1",C80=1)," + terrestrial","") & IF(OR(D80="1",D80=1)," + aquatic","") & IF(OR(E80="1",E80=1)," + arboreal",""), 4, 999) ) -> terrestrial + aquatic | M80: =IF( AND( (COUNTIF(I80:K80,"1")+COUNTIF(I80:K80,1))=0, (COUNTIF(I80:K80,"0")+COUNTIF(I80:K80,0))=0 ), "unknown", IF( (COUNTIF(I80:K80,"1")+COUNTIF(I80:K80,1))>0, MID( IF(OR(I80=1,I80="1")," + direct","") & IF(OR(J80=1,J80="1")," + larval","") & IF(OR(K80=1,K80="1")," + viviparous",""), 4,999), IF( (COUNTIF(I80:K80,"0")+COUNTIF(I80:K80,0))=3, "none", "unknown") ) ) -> larval | N80: =IFERROR(VALUE(INDEX(rawData!$Z:$Z, MATCH($A80, rawData!$E:$E, 0)))=VALUE($F80),"NA") -> TRUE | O80: =IFERROR(VALUE(INDEX(rawData!$AD:$AD, MATCH($A80, rawData!$E:$E, 0)))=VALUE($G80),"NA") -> TRUE | P80: =IFERROR(VALUE(INDEX(rawData!$AE:$AE, MATCH($A80, rawData!$E:$E, 0)))=VALUE($H80),"NA") -> TRUE | Q80: =IFERROR(INDEX(rawData!$F:$F, MATCH($A80, rawData!$E:$E, 0))=$B80,"NA") -> TRUE | R80: =IFERROR(INDEX(rawData!$G:$G, MATCH($A80, rawData!$E:$E, 0))=$C80,"NA") -> TRUE | S80: =IFERROR(INDEX(rawData!$H:$H, MATCH($A80, rawData!$E:$E, 0))=$D80,"NA") -> TRUE | T80: =IFERROR(INDEX(rawData!$I:$I, MATCH($A80, rawData!$E:$E, 0))=$E80,"NA") -> TRUE | U80: =IFERROR(VALUE(INDEX(rawData!$AI:$AI, MATCH($A80, rawData!$E:$E, 0)))=VALUE($I80),"NA") -> TRUE | V80: =IFERROR(VALUE(INDEX(rawData!$AJ:$AJ, MATCH($A80, rawData!$E:$E, 0)))=VALUE($J80),"NA") -> TRUE | W80: =IFERROR(VALUE(INDEX(rawData!$AK:$AK, MATCH($A80, rawData!$E:$E, 0)))=VALUE($K80),"NA") -> TRUE | X80: =IF(COUNTIF(O80:W80,FALSE)>0,FALSE,TRUE) -> TRUE | Y80: 84
A81: Rhinella crucifer | B81: NA | C81: 1 | D81: NA | E81: NA | F81: 130 | G81: 2000 | H81: 2000 | I81: 0 | J81: 1 | K81: 0 | L81: =IF( (COUNTIF(B81:E81,"1")+COUNTIF(B81:E81,1))=0, "unknown", MID( IF(OR(B81="1",B81=1)," + fossorial","") & IF(OR(C81="1",C81=1)," + terrestrial","") & IF(OR(D81="1",D81=1)," + aquatic","") & IF(OR(E81="1",E81=1)," + arboreal",""), 4, 999) ) -> terrestrial | M81: =IF( AND( (COUNTIF(I81:K81,"1")+COUNTIF(I81:K81,1))=0, (COUNTIF(I81:K81,"0")+COUNTIF(I81:K81,0))=0 ), "unknown", IF( (COUNTIF(I81:K81,"1")+COUNTIF(I81:K81,1))>0, MID( IF(OR(I81=1,I81="1")," + direct","") & IF(OR(J81=1,J81="1")," + larval","") & IF(OR(K81=1,K81="1")," + viviparous",""), 4,999), IF( (COUNTIF(I81:K81,"0")+COUNTIF(I81:K81,0))=3, "none", "unknown") ) ) -> larval | N81: =IFERROR(VALUE(INDEX(rawData!$Z:$Z, MATCH($A81, rawData!$E:$E, 0)))=VALUE($F81),"NA") -> TRUE | O81: =IFERROR(VALUE(INDEX(rawData!$AD:$AD, MATCH($A81, rawData!$E:$E, 0)))=VALUE($G81),"NA") -> TRUE | P81: =IFERROR(VALUE(INDEX(rawData!$AE:$AE, MATCH($A81, rawData!$E:$E, 0)))=VALUE($H81),"NA") -> TRUE | Q81: =IFERROR(INDEX(rawData!$F:$F, MATCH($A81, rawData!$E:$E, 0))=$B81,"NA") -> TRUE | R81: =IFERROR(INDEX(rawData!$G:$G, MATCH($A81, rawData!$E:$E, 0))=$C81,"NA") -> TRUE | S81: =IFERROR(INDEX(rawData!$H:$H, MATCH($A81, rawData!$E:$E, 0))=$D81,"NA") -> TRUE | T81: =IFERROR(INDEX(rawData!$I:$I, MATCH($A81, rawData!$E:$E, 0))=$E81,"NA") -> TRUE | U81: =IFERROR(VALUE(INDEX(rawData!$AI:$AI, MATCH($A81, rawData!$E:$E, 0)))=VALUE($I81),"NA") -> TRUE | V81: =IFERROR(VALUE(INDEX(rawData!$AJ:$AJ, MATCH($A81, rawData!$E:$E, 0)))=VALUE($J81),"NA") -> TRUE | W81: =IFERROR(VALUE(INDEX(rawData!$AK:$AK, MATCH($A81, rawData!$E:$E, 0)))=VALUE($K81),"NA") -> TRUE | X81: =IF(COUNTIF(O81:W81,FALSE)>0,FALSE,TRUE) -> TRUE | Y81: 85
A82: Boophis luteus | B82: NA | C82: NA | D82: NA | E82: 1 | F82: 60 | G82: 120 | H82: 1000 | I82: 0 | J82: 1 | K82: 0 | L82: =IF( (COUNTIF(B82:E82,"1")+COUNTIF(B82:E82,1))=0, "unknown", MID( IF(OR(B82="1",B82=1)," + fossorial","") & IF(OR(C82="1",C82=1)," + terrestrial","") & IF(OR(D82="1",D82=1)," + aquatic","") & IF(OR(E82="1",E82=1)," + arboreal",""), 4, 999) ) -> arboreal | M82: =IF( AND( (COUNTIF(I82:K82,"1")+COUNTIF(I82:K82,1))=0, (COUNTIF(I82:K82,"0")+COUNTIF(I82:K82,0))=0 ), "unknown", IF( (COUNTIF(I82:K82,"1")+COUNTIF(I82:K82,1))>0, MID( IF(OR(I82=1,I82="1")," + direct","") & IF(OR(J82=1,J82="1")," + larval","") & IF(OR(K82=1,K82="1")," + viviparous",""), 4,999), IF( (COUNTIF(I82:K82,"0")+COUNTIF(I82:K82,0))=3, "none", "unknown") ) ) -> larval | N82: =IFERROR(VALUE(INDEX(rawData!$Z:$Z, MATCH($A82, rawData!$E:$E, 0)))=VALUE($F82),"NA") -> TRUE | O82: =IFERROR(VALUE(INDEX(rawData!$AD:$AD, MATCH($A82, rawData!$E:$E, 0)))=VALUE($G82),"NA") -> TRUE | P82: =IFERROR(VALUE(INDEX(rawData!$AE:$AE, MATCH($A82, rawData!$E:$E, 0)))=VALUE($H82),"NA") -> TRUE | Q82: =IFERROR(INDEX(rawData!$F:$F, MATCH($A82, rawData!$E:$E, 0))=$B82,"NA") -> TRUE | R82: =IFERROR(INDEX(rawData!$G:$G, MATCH($A82, rawData!$E:$E, 0))=$C82,"NA") -> TRUE | S82: =IFERROR(INDEX(rawData!$H:$H, MATCH($A82, rawData!$E:$E, 0))=$D82,"NA") -> TRUE | T82: =IFERROR(INDEX(rawData!$I:$I, MATCH($A82, rawData!$E:$E, 0))=$E82,"NA") -> TRUE | U82: =IFERROR(VALUE(INDEX(rawData!$AI:$AI, MATCH($A82, rawData!$E:$E, 0)))=VALUE($I82),"NA") -> TRUE | V82: =IFERROR(VALUE(INDEX(rawData!$AJ:$AJ, MATCH($A82, rawData!$E:$E, 0)))=VALUE($J82),"NA") -> TRUE | W82: =IFERROR(VALUE(INDEX(rawData!$AK:$AK, MATCH($A82, rawData!$E:$E, 0)))=VALUE($K82),"NA") -> TRUE | X82: =IF(COUNTIF(O82:W82,FALSE)>0,FALSE,TRUE) -> TRUE | Y82: 85
A83: Austrochaperina fryi | B83: NA | C83: 1 | D83: 1 | E83: NA | F83: 35 | G83: 12 | H83: 12 | I83: 1 | J83: 0 | K83: 0 | L83: =IF( (COUNTIF(B83:E83,"1")+COUNTIF(B83:E83,1))=0, "unknown", MID( IF(OR(B83="1",B83=1)," + fossorial","") & IF(OR(C83="1",C83=1)," + terrestrial","") & IF(OR(D83="1",D83=1)," + aquatic","") & IF(OR(E83="1",E83=1)," + arboreal",""), 4, 999) ) -> terrestrial + aquatic | M83: =IF( AND( (COUNTIF(I83:K83,"1")+COUNTIF(I83:K83,1))=0, (COUNTIF(I83:K83,"0")+COUNTIF(I83:K83,0))=0 ), "unknown", IF( (COUNTIF(I83:K83,"1")+COUNTIF(I83:K83,1))>0, MID( IF(OR(I83=1,I83="1")," + direct","") & IF(OR(J83=1,J83="1")," + larval","") & IF(OR(K83=1,K83="1")," + viviparous",""), 4,999), IF( (COUNTIF(I83:K83,"0")+COUNTIF(I83:K83,0))=3, "none", "unknown") ) ) -> direct | N83: =IFERROR(VALUE(INDEX(rawData!$Z:$Z, MATCH($A83, rawData!$E:$E, 0)))=VALUE($F83),"NA") -> TRUE | O83: =IFERROR(VALUE(INDEX(rawData!$AD:$AD, MATCH($A83, rawData!$E:$E, 0)))=VALUE($G83),"NA") -> TRUE | P83: =IFERROR(VALUE(INDEX(rawData!$AE:$AE, MATCH($A83, rawData!$E:$E, 0)))=VALUE($H83),"NA") -> TRUE | Q83: =IFERROR(INDEX(rawData!$F:$F, MATCH($A83, rawData!$E:$E, 0))=$B83,"NA") -> TRUE | R83: =IFERROR(INDEX(rawData!$G:$G, MATCH($A83, rawData!$E:$E, 0))=$C83,"NA") -> TRUE | S83: =IFERROR(INDEX(rawData!$H:$H, MATCH($A83, rawData!$E:$E, 0))=$D83,"NA") -> TRUE | T83: =IFERROR(INDEX(rawData!$I:$I, MATCH($A83, rawData!$E:$E, 0))=$E83,"NA") -> TRUE | U83: =IFERROR(VALUE(INDEX(rawData!$AI:$AI, MATCH($A83, rawData!$E:$E, 0)))=VALUE($I83),"NA") -> TRUE | V83: =IFERROR(VALUE(INDEX(rawData!$AJ:$AJ, MATCH($A83, rawData!$E:$E, 0)))=VALUE($J83),"NA") -> TRUE | W83: =IFERROR(VALUE(INDEX(rawData!$AK:$AK, MATCH($A83, rawData!$E:$E, 0)))=VALUE($K83),"NA") -> TRUE | X83: =IF(COUNTIF(O83:W83,FALSE)>0,FALSE,TRUE) -> TRUE | Y83: 85
A84: Allobates nidicola | B84: NA | C84: 1 | D84: NA | E84: NA | F84: 21.4 | G84: 2 | H84: 6 | I84: 1 | J84: 0 | K84: 0 | L84: =IF( (COUNTIF(B84:E84,"1")+COUNTIF(B84:E84,1))=0, "unknown", MID( IF(OR(B84="1",B84=1)," + fossorial","") & IF(OR(C84="1",C84=1)," + terrestrial","") & IF(OR(D84="1",D84=1)," + aquatic","") & IF(OR(E84="1",E84=1)," + arboreal",""), 4, 999) ) -> terrestrial | M84: =IF( AND( (COUNTIF(I84:K84,"1")+COUNTIF(I84:K84,1))=0, (COUNTIF(I84:K84,"0")+COUNTIF(I84:K84,0))=0 ), "unknown", IF( (COUNTIF(I84:K84,"1")+COUNTIF(I84:K84,1))>0, MID( IF(OR(I84=1,I84="1")," + direct","") & IF(OR(J84=1,J84="1")," + larval","") & IF(OR(K84=1,K84="1")," + viviparous",""), 4,999), IF( (COUNTIF(I84:K84,"0")+COUNTIF(I84:K84,0))=3, "none", "unknown") ) ) -> direct | N84: =IFERROR(VALUE(INDEX(rawData!$Z:$Z, MATCH($A84, rawData!$E:$E, 0)))=VALUE($F84),"NA") -> TRUE | O84: =IFERROR(VALUE(INDEX(rawData!$AD:$AD, MATCH($A84, rawData!$E:$E, 0)))=VALUE($G84),"NA") -> TRUE | P84: =IFERROR(VALUE(INDEX(rawData!$AE:$AE, MATCH($A84, rawData!$E:$E, 0)))=VALUE($H84),"NA") -> TRUE | Q84: =IFERROR(INDEX(rawData!$F:$F, MATCH($A84, rawData!$E:$E, 0))=$B84,"NA") -> TRUE | R84: =IFERROR(INDEX(rawData!$G:$G, MATCH($A84, rawData!$E:$E, 0))=$C84,"NA") -> TRUE | S84: =IFERROR(INDEX(rawData!$H:$H, MATCH($A84, rawData!$E:$E, 0))=$D84,"NA") -> TRUE | T84: =IFERROR(INDEX(rawData!$I:$I, MATCH($A84, rawData!$E:$E, 0))=$E84,"NA") -> TRUE | U84: =IFERROR(VALUE(INDEX(rawData!$AI:$AI, MATCH($A84, rawData!$E:$E, 0)))=VALUE($I84),"NA") -> TRUE | V84: =IFERROR(VALUE(INDEX(rawData!$AJ:$AJ, MATCH($A84, rawData!$E:$E, 0)))=VALUE($J84),"NA") -> TRUE | W84: =IFERROR(VALUE(INDEX(rawData!$AK:$AK, MATCH($A84, rawData!$E:$E, 0)))=VALUE($K84),"NA") -> TRUE | X84: =IF(COUNTIF(O84:W84,FALSE)>0,FALSE,TRUE) -> TRUE | Y84: 86
A85: Stefania satelles | B85: NA | C85: 1 | D85: 1 | E85: 1 | F85: 59.5 | G85: 2 | H85: 8 | I85: 1 | J85: 0 | K85: 0 | L85: =IF( (COUNTIF(B85:E85,"1")+COUNTIF(B85:E85,1))=0, "unknown", MID( IF(OR(B85="1",B85=1)," + fossorial","") & IF(OR(C85="1",C85=1)," + terrestrial","") & IF(OR(D85="1",D85=1)," + aquatic","") & IF(OR(E85="1",E85=1)," + arboreal",""), 4, 999) ) -> terrestrial + aquatic + arboreal | M85: =IF( AND( (COUNTIF(I85:K85,"1")+COUNTIF(I85:K85,1))=0, (COUNTIF(I85:K85,"0")+COUNTIF(I85:K85,0))=0 ), "unknown", IF( (COUNTIF(I85:K85,"1")+COUNTIF(I85:K85,1))>0, MID( IF(OR(I85=1,I85="1")," + direct","") & IF(OR(J85=1,J85="1")," + larval","") & IF(OR(K85=1,K85="1")," + viviparous",""), 4,999), IF( (COUNTIF(I85:K85,"0")+COUNTIF(I85:K85,0))=3, "none", "unknown") ) ) -> direct | N85: =IFERROR(VALUE(INDEX(rawData!$Z:$Z, MATCH($A85, rawData!$E:$E, 0)))=VALUE($F85),"NA") -> TRUE | O85: =IFERROR(VALUE(INDEX(rawData!$AD:$AD, MATCH($A85, rawData!$E:$E, 0)))=VALUE($G85),"NA") -> TRUE | P85: =IFERROR(VALUE(INDEX(rawData!$AE:$AE, MATCH($A85, rawData!$E:$E, 0)))=VALUE($H85),"NA") -> TRUE | Q85: =IFERROR(INDEX(rawData!$F:$F, MATCH($A85, rawData!$E:$E, 0))=$B85,"NA") -> TRUE | R85: =IFERROR(INDEX(rawData!$G:$G, MATCH($A85, rawData!$E:$E, 0))=$C85,"NA") -> TRUE | S85: =IFERROR(INDEX(rawData!$H:$H, MATCH($A85, rawData!$E:$E, 0))=$D85,"NA") -> TRUE | T85: =IFERROR(INDEX(rawData!$I:$I, MATCH($A85, rawData!$E:$E, 0))=$E85,"NA") -> TRUE | U85: =IFERROR(VALUE(INDEX(rawData!$AI:$AI, MATCH($A85, rawData!$E:$E, 0)))=VALUE($I85),"NA") -> TRUE | V85: =IFERROR(VALUE(INDEX(rawData!$AJ:$AJ, MATCH($A85, rawData!$E:$E, 0)))=VALUE($J85),"NA") -> TRUE | W85: =IFERROR(VALUE(INDEX(rawData!$AK:$AK, MATCH($A85, rawData!$E:$E, 0)))=VALUE($K85),"NA") -> TRUE | X85: =IF(COUNTIF(O85:W85,FALSE)>0,FALSE,TRUE) -> TRUE | Y85: 86
A86: Pseudohynobius shuichengensis | B86: NA | C86: 1 | D86: 1 | E86: NA | F86: 213.2 | G86: 22 | H86: 54 | I86: 0 | J86: 1 | K86: 0 | L86: =IF( (COUNTIF(B86:E86,"1")+COUNTIF(B86:E86,1))=0, "unknown", MID( IF(OR(B86="1",B86=1)," + fossorial","") & IF(OR(C86="1",C86=1)," + terrestrial","") & IF(OR(D86="1",D86=1)," + aquatic","") & IF(OR(E86="1",E86=1)," + arboreal",""), 4, 999) ) -> terrestrial + aquatic | M86: =IF( AND( (COUNTIF(I86:K86,"1")+COUNTIF(I86:K86,1))=0, (COUNTIF(I86:K86,"0")+COUNTIF(I86:K86,0))=0 ), "unknown", IF( (COUNTIF(I86:K86,"1")+COUNTIF(I86:K86,1))>0, MID( IF(OR(I86=1,I86="1")," + direct","") & IF(OR(J86=1,J86="1")," + larval","") & IF(OR(K86=1,K86="1")," + viviparous",""), 4,999), IF( (COUNTIF(I86:K86,"0")+COUNTIF(I86:K86,0))=3, "none", "unknown") ) ) -> larval | N86: =IFERROR(VALUE(INDEX(rawData!$Z:$Z, MATCH($A86, rawData!$E:$E, 0)))=VALUE($F86),"NA") -> TRUE | O86: =IFERROR(VALUE(INDEX(rawData!$AD:$AD, MATCH($A86, rawData!$E:$E, 0)))=VALUE($G86),"NA") -> TRUE | P86: =IFERROR(VALUE(INDEX(rawData!$AE:$AE, MATCH($A86, rawData!$E:$E, 0)))=VALUE($H86),"NA") -> TRUE | Q86: =IFERROR(INDEX(rawData!$F:$F, MATCH($A86, rawData!$E:$E, 0))=$B86,"NA") -> TRUE | R86: =IFERROR(INDEX(rawData!$G:$G, MATCH($A86, rawData!$E:$E, 0))=$C86,"NA") -> TRUE | S86: =IFERROR(INDEX(rawData!$H:$H, MATCH($A86, rawData!$E:$E, 0))=$D86,"NA") -> TRUE | T86: =IFERROR(INDEX(rawData!$I:$I, MATCH($A86, rawData!$E:$E, 0))=$E86,"NA") -> TRUE | U86: =IFERROR(VALUE(INDEX(rawData!$AI:$AI, MATCH($A86, rawData!$E:$E, 0)))=VALUE($I86),"NA") -> TRUE | V86: =IFERROR(VALUE(INDEX(rawData!$AJ:$AJ, MATCH($A86, rawData!$E:$E, 0)))=VALUE($J86),"NA") -> TRUE | W86: =IFERROR(VALUE(INDEX(rawData!$AK:$AK, MATCH($A86, rawData!$E:$E, 0)))=VALUE($K86),"NA") -> TRUE | X86: =IF(COUNTIF(O86:W86,FALSE)>0,FALSE,TRUE) -> TRUE | Y86: 87
A87: Capensibufo tradouwi | B87: NA | C87: 1 | D87: 1 | E87: NA | F87: 38 | G87: 90 | H87: 90 | I87: 0 | J87: 1 | K87: 0 | L87: =IF( (COUNTIF(B87:E87,"1")+COUNTIF(B87:E87,1))=0, "unknown", MID( IF(OR(B87="1",B87=1)," + fossorial","") & IF(OR(C87="1",C87=1)," + terrestrial","") & IF(OR(D87="1",D87=1)," + aquatic","") & IF(OR(E87="1",E87=1)," + arboreal",""), 4, 999) ) -> terrestrial + aquatic | M87: =IF( AND( (COUNTIF(I87:K87,"1")+COUNTIF(I87:K87,1))=0, (COUNTIF(I87:K87,"0")+COUNTIF(I87:K87,0))=0 ), "unknown", IF( (COUNTIF(I87:K87,"1")+COUNTIF(I87:K87,1))>0, MID( IF(OR(I87=1,I87="1")," + direct","") & IF(OR(J87=1,J87="1")," + larval","") & IF(OR(K87=1,K87="1")," + viviparous",""), 4,999), IF( (COUNTIF(I87:K87,"0")+COUNTIF(I87:K87,0))=3, "none", "unknown") ) ) -> larval | N87: =IFERROR(VALUE(INDEX(rawData!$Z:$Z, MATCH($A87, rawData!$E:$E, 0)))=VALUE($F87),"NA") -> TRUE | O87: =IFERROR(VALUE(INDEX(rawData!$AD:$AD, MATCH($A87, rawData!$E:$E, 0)))=VALUE($G87),"NA") -> TRUE | P87: =IFERROR(VALUE(INDEX(rawData!$AE:$AE, MATCH($A87, rawData!$E:$E, 0)))=VALUE($H87),"NA") -> TRUE | Q87: =IFERROR(INDEX(rawData!$F:$F, MATCH($A87, rawData!$E:$E, 0))=$B87,"NA") -> TRUE | R87: =IFERROR(INDEX(rawData!$G:$G, MATCH($A87, rawData!$E:$E, 0))=$C87,"NA") -> TRUE | S87: =IFERROR(INDEX(rawData!$H:$H, MATCH($A87, rawData!$E:$E, 0))=$D87,"NA") -> TRUE | T87: =IFERROR(INDEX(rawData!$I:$I, MATCH($A87, rawData!$E:$E, 0))=$E87,"NA") -> TRUE | U87: =IFERROR(VALUE(INDEX(rawData!$AI:$AI, MATCH($A87, rawData!$E:$E, 0)))=VALUE($I87),"NA") -> TRUE | V87: =IFERROR(VALUE(INDEX(rawData!$AJ:$AJ, MATCH($A87, rawData!$E:$E, 0)))=VALUE($J87),"NA") -> TRUE | W87: =IFERROR(VALUE(INDEX(rawData!$AK:$AK, MATCH($A87, rawData!$E:$E, 0)))=VALUE($K87),"NA") -> TRUE | X87: =IF(COUNTIF(O87:W87,FALSE)>0,FALSE,TRUE) -> TRUE | Y87: 88
A88: Eleutherodactylus orientalis | B88: NA | C88: 1 | D88: 1 | E88: NA | F88: 13.3 | G88: 1 | H88: 1 | I88: 1 | J88: 0 | K88: 0 | L88: =IF( (COUNTIF(B88:E88,"1")+COUNTIF(B88:E88,1))=0, "unknown", MID( IF(OR(B88="1",B88=1)," + fossorial","") & IF(OR(C88="1",C88=1)," + terrestrial","") & IF(OR(D88="1",D88=1)," + aquatic","") & IF(OR(E88="1",E88=1)," + arboreal",""), 4, 999) ) -> terrestrial + aquatic | M88: =IF( AND( (COUNTIF(I88:K88,"1")+COUNTIF(I88:K88,1))=0, (COUNTIF(I88:K88,"0")+COUNTIF(I88:K88,0))=0 ), "unknown", IF( (COUNTIF(I88:K88,"1")+COUNTIF(I88:K88,1))>0, MID( IF(OR(I88=1,I88="1")," + direct","") & IF(OR(J88=1,J88="1")," + larval","") & IF(OR(K88=1,K88="1")," + viviparous",""), 4,999), IF( (COUNTIF(I88:K88,"0")+COUNTIF(I88:K88,0))=3, "none", "unknown") ) ) -> direct | N88: =IFERROR(VALUE(INDEX(rawData!$Z:$Z, MATCH($A88, rawData!$E:$E, 0)))=VALUE($F88),"NA") -> TRUE | O88: =IFERROR(VALUE(INDEX(rawData!$AD:$AD, MATCH($A88, rawData!$E:$E, 0)))=VALUE($G88),"NA") -> TRUE | P88: =IFERROR(VALUE(INDEX(rawData!$AE:$AE, MATCH($A88, rawData!$E:$E, 0)))=VALUE($H88),"NA") -> TRUE | Q88: =IFERROR(INDEX(rawData!$F:$F, MATCH($A88, rawData!$E:$E, 0))=$B88,"NA") -> TRUE | R88: =IFERROR(INDEX(rawData!$G:$G, MATCH($A88, rawData!$E:$E, 0))=$C88,"NA") -> TRUE | S88: =IFERROR(INDEX(rawData!$H:$H, MATCH($A88, rawData!$E:$E, 0))=$D88,"NA") -> TRUE | T88: =IFERROR(INDEX(rawData!$I:$I, MATCH($A88, rawData!$E:$E, 0))=$E88,"NA") -> TRUE | U88: =IFERROR(VALUE(INDEX(rawData!$AI:$AI, MATCH($A88, rawData!$E:$E, 0)))=VALUE($I88),"NA") -> TRUE | V88: =IFERROR(VALUE(INDEX(rawData!$AJ:$AJ, MATCH($A88, rawData!$E:$E, 0)))=VALUE($J88),"NA") -> TRUE | W88: =IFERROR(VALUE(INDEX(rawData!$AK:$AK, MATCH($A88, rawData!$E:$E, 0)))=VALUE($K88),"NA") -> TRUE | X88: =IF(COUNTIF(O88:W88,FALSE)>0,FALSE,TRUE) -> TRUE | Y88: 88
A89: Phrynobatrachus guineensis | B89: NA | C89: 1 | D89: NA | E89: 1 | F89: 22 | G89: 27 | H89: 40 | I89: 0 | J89: 1 | K89: 0 | L89: =IF( (COUNTIF(B89:E89,"1")+COUNTIF(B89:E89,1))=0, "unknown", MID( IF(OR(B89="1",B89=1)," + fossorial","") & IF(OR(C89="1",C89=1)," + terrestrial","") & IF(OR(D89="1",D89=1)," + aquatic","") & IF(OR(E89="1",E89=1)," + arboreal",""), 4, 999) ) -> terrestrial + arboreal | M89: =IF( AND( (COUNTIF(I89:K89,"1")+COUNTIF(I89:K89,1))=0, (COUNTIF(I89:K89,"0")+COUNTIF(I89:K89,0))=0 ), "unknown", IF( (COUNTIF(I89:K89,"1")+COUNTIF(I89:K89,1))>0, MID( IF(OR(I89=1,I89="1")," + direct","") & IF(OR(J89=1,J89="1")," + larval","") & IF(OR(K89=1,K89="1")," + viviparous",""), 4,999), IF( (COUNTIF(I89:K89,"0")+COUNTIF(I89:K89,0))=3, "none", "unknown") ) ) -> larval | N89: =IFERROR(VALUE(INDEX(rawData!$Z:$Z, MATCH($A89, rawData!$E:$E, 0)))=VALUE($F89),"NA") -> TRUE | O89: =IFERROR(VALUE(INDEX(rawData!$AD:$AD, MATCH($A89, rawData!$E:$E, 0)))=VALUE($G89),"NA") -> TRUE | P89: =IFERROR(VALUE(INDEX(rawData!$AE:$AE, MATCH($A89, rawData!$E:$E, 0)))=VALUE($H89),"NA") -> TRUE | Q89: =IFERROR(INDEX(rawData!$F:$F, MATCH($A89, rawData!$E:$E, 0))=$B89,"NA") -> TRUE | R89: =IFERROR(INDEX(rawData!$G:$G, MATCH($A89, rawData!$E:$E, 0))=$C89,"NA") -> TRUE | S89: =IFERROR(INDEX(rawData!$H:$H, MATCH($A89, rawData!$E:$E, 0))=$D89,"NA") -> TRUE | T89: =IFERROR(INDEX(rawData!$I:$I, MATCH($A89, rawData!$E:$E, 0))=$E89,"NA") -> TRUE | U89: =IFERROR(VALUE(INDEX(rawData!$AI:$AI, MATCH($A89, rawData!$E:$E, 0)))=VALUE($I89),"NA") -> TRUE | V89: =IFERROR(VALUE(INDEX(rawData!$AJ:$AJ, MATCH($A89, rawData!$E:$E, 0)))=VALUE($J89),"NA") -> TRUE | W89: =IFERROR(VALUE(INDEX(rawData!$AK:$AK, MATCH($A89, rawData!$E:$E, 0)))=VALUE($K89),"NA") -> TRUE | X89: =IF(COUNTIF(O89:W89,FALSE)>0,FALSE,TRUE) -> TRUE | Y89: 88
A90: Boophis goudotii | B90: NA | C90: 1 | D90: NA | E90: 1 | F90: 80 | G90: 1000 | H90: 1000 | I90: 0 | J90: 1 | K90: 0 | L90: =IF( (COUNTIF(B90:E90,"1")+COUNTIF(B90:E90,1))=0, "unknown", MID( IF(OR(B90="1",B90=1)," + fossorial","") & IF(OR(C90="1",C90=1)," + terrestrial","") & IF(OR(D90="1",D90=1)," + aquatic","") & IF(OR(E90="1",E90=1)," + arboreal",""), 4, 999) ) -> terrestrial + arboreal | M90: =IF( AND( (COUNTIF(I90:K90,"1")+COUNTIF(I90:K90,1))=0, (COUNTIF(I90:K90,"0")+COUNTIF(I90:K90,0))=0 ), "unknown", IF( (COUNTIF(I90:K90,"1")+COUNTIF(I90:K90,1))>0, MID( IF(OR(I90=1,I90="1")," + direct","") & IF(OR(J90=1,J90="1")," + larval","") & IF(OR(K90=1,K90="1")," + viviparous",""), 4,999), IF( (COUNTIF(I90:K90,"0")+COUNTIF(I90:K90,0))=3, "none", "unknown") ) ) -> larval | N90: =IFERROR(VALUE(INDEX(rawData!$Z:$Z, MATCH($A90, rawData!$E:$E, 0)))=VALUE($F90),"NA") -> TRUE | O90: =IFERROR(VALUE(INDEX(rawData!$AD:$AD, MATCH($A90, rawData!$E:$E, 0)))=VALUE($G90),"NA") -> TRUE | P90: =IFERROR(VALUE(INDEX(rawData!$AE:$AE, MATCH($A90, rawData!$E:$E, 0)))=VALUE($H90),"NA") -> TRUE | Q90: =IFERROR(INDEX(rawData!$F:$F, MATCH($A90, rawData!$E:$E, 0))=$B90,"NA") -> TRUE | R90: =IFERROR(INDEX(rawData!$G:$G, MATCH($A90, rawData!$E:$E, 0))=$C90,"NA") -> TRUE | S90: =IFERROR(INDEX(rawData!$H:$H, MATCH($A90, rawData!$E:$E, 0))=$D90,"NA") -> TRUE | T90: =IFERROR(INDEX(rawData!$I:$I, MATCH($A90, rawData!$E:$E, 0))=$E90,"NA") -> TRUE | U90: =IFERROR(VALUE(INDEX(rawData!$AI:$AI, MATCH($A90, rawData!$E:$E, 0)))=VALUE($I90),"NA") -> TRUE | V90: =IFERROR(VALUE(INDEX(rawData!$AJ:$AJ, MATCH($A90, rawData!$E:$E, 0)))=VALUE($J90),"NA") -> TRUE | W90: =IFERROR(VALUE(INDEX(rawData!$AK:$AK, MATCH($A90, rawData!$E:$E, 0)))=VALUE($K90),"NA") -> TRUE | X90: =IF(COUNTIF(O90:W90,FALSE)>0,FALSE,TRUE) -> TRUE | Y90: 91
A91: Chiromantis hansenae | B91: NA | C91: 1 | D91: NA | E91: 1 | F91: 25 | G91: 215 | H91: 255 | I91: 0 | J91: 1 | K91: 0 | L91: =IF( (COUNTIF(B91:E91,"1")+COUNTIF(B91:E91,1))=0, "unknown", MID( IF(OR(B91="1",B91=1)," + fossorial","") & IF(OR(C91="1",C91=1)," + terrestrial","") & IF(OR(D91="1",D91=1)," + aquatic","") & IF(OR(E91="1",E91=1)," + arboreal",""), 4, 999) ) -> terrestrial + arboreal | M91: =IF( AND( (COUNTIF(I91:K91,"1")+COUNTIF(I91:K91,1))=0, (COUNTIF(I91:K91,"0")+COUNTIF(I91:K91,0))=0 ), "unknown", IF( (COUNTIF(I91:K91,"1")+COUNTIF(I91:K91,1))>0, MID( IF(OR(I91=1,I91="1")," + direct","") & IF(OR(J91=1,J91="1")," + larval","") & IF(OR(K91=1,K91="1")," + viviparous",""), 4,999), IF( (COUNTIF(I91:K91,"0")+COUNTIF(I91:K91,0))=3, "none", "unknown") ) ) -> larval | N91: =IFERROR(VALUE(INDEX(rawData!$Z:$Z, MATCH($A91, rawData!$E:$E, 0)))=VALUE($F91),"NA") -> TRUE | O91: =IFERROR(VALUE(INDEX(rawData!$AD:$AD, MATCH($A91, rawData!$E:$E, 0)))=VALUE($G91),"NA") -> TRUE | P91: =IFERROR(VALUE(INDEX(rawData!$AE:$AE, MATCH($A91, rawData!$E:$E, 0)))=VALUE($H91),"NA") -> TRUE | Q91: =IFERROR(INDEX(rawData!$F:$F, MATCH($A91, rawData!$E:$E, 0))=$B91,"NA") -> TRUE | R91: =IFERROR(INDEX(rawData!$G:$G, MATCH($A91, rawData!$E:$E, 0))=$C91,"NA") -> TRUE | S91: =IFERROR(INDEX(rawData!$H:$H, MATCH($A91, rawData!$E:$E, 0))=$D91,"NA") -> TRUE | T91: =IFERROR(INDEX(rawData!$I:$I, MATCH($A91, rawData!$E:$E, 0))=$E91,"NA") -> TRUE | U91: =IFERROR(VALUE(INDEX(rawData!$AI:$AI, MATCH($A91, rawData!$E:$E, 0)))=VALUE($I91),"NA") -> TRUE | V91: =IFERROR(VALUE(INDEX(rawData!$AJ:$AJ, MATCH($A91, rawData!$E:$E, 0)))=VALUE($J91),"NA") -> TRUE | W91: =IFERROR(VALUE(INDEX(rawData!$AK:$AK, MATCH($A91, rawData!$E:$E, 0)))=VALUE($K91),"NA") -> TRUE | X91: =IF(COUNTIF(O91:W91,FALSE)>0,FALSE,TRUE) -> TRUE | Y91: 92
A92: Eurycea sosorum | B92: NA | C92: NA | D92: 1 | E92: NA | F92: 75 | G92: 18 | H92: 29 | I92: 0 | J92: 1 | K92: 0 | L92: =IF( (COUNTIF(B92:E92,"1")+COUNTIF(B92:E92,1))=0, "unknown", MID( IF(OR(B92="1",B92=1)," + fossorial","") & IF(OR(C92="1",C92=1)," + terrestrial","") & IF(OR(D92="1",D92=1)," + aquatic","") & IF(OR(E92="1",E92=1)," + arboreal",""), 4, 999) ) -> aquatic | M92: =IF( AND( (COUNTIF(I92:K92,"1")+COUNTIF(I92:K92,1))=0, (COUNTIF(I92:K92,"0")+COUNTIF(I92:K92,0))=0 ), "unknown", IF( (COUNTIF(I92:K92,"1")+COUNTIF(I92:K92,1))>0, MID( IF(OR(I92=1,I92="1")," + direct","") & IF(OR(J92=1,J92="1")," + larval","") & IF(OR(K92=1,K92="1")," + viviparous",""), 4,999), IF( (COUNTIF(I92:K92,"0")+COUNTIF(I92:K92,0))=3, "none", "unknown") ) ) -> larval | N92: =IFERROR(VALUE(INDEX(rawData!$Z:$Z, MATCH($A92, rawData!$E:$E, 0)))=VALUE($F92),"NA") -> TRUE | O92: =IFERROR(VALUE(INDEX(rawData!$AD:$AD, MATCH($A92, rawData!$E:$E, 0)))=VALUE($G92),"NA") -> TRUE | P92: =IFERROR(VALUE(INDEX(rawData!$AE:$AE, MATCH($A92, rawData!$E:$E, 0)))=VALUE($H92),"NA") -> TRUE | Q92: =IFERROR(INDEX(rawData!$F:$F, MATCH($A92, rawData!$E:$E, 0))=$B92,"NA") -> TRUE | R92: =IFERROR(INDEX(rawData!$G:$G, MATCH($A92, rawData!$E:$E, 0))=$C92,"NA") -> TRUE | S92: =IFERROR(INDEX(rawData!$H:$H, MATCH($A92, rawData!$E:$E, 0))=$D92,"NA") -> TRUE | T92: =IFERROR(INDEX(rawData!$I:$I, MATCH($A92, rawData!$E:$E, 0))=$E92,"NA") -> TRUE | U92: =IFERROR(VALUE(INDEX(rawData!$AI:$AI, MATCH($A92, rawData!$E:$E, 0)))=VALUE($I92),"NA") -> TRUE | V92: =IFERROR(VALUE(INDEX(rawData!$AJ:$AJ, MATCH($A92, rawData!$E:$E, 0)))=VALUE($J92),"NA") -> TRUE | W92: =IFERROR(VALUE(INDEX(rawData!$AK:$AK, MATCH($A92, rawData!$E:$E, 0)))=VALUE($K92),"NA") -> TRUE | X92: =IF(COUNTIF(O92:W92,FALSE)>0,FALSE,TRUE) -> TRUE | Y92: 92
A93: Ranitomeya claudiae | B93: NA | C93: 1 | D93: NA | E93: NA | F93: 13.4 | G93: 3 | H93: 4 | I93: 0 | J93: 1 | K93: 0 | L93: =IF( (COUNTIF(B93:E93,"1")+COUNTIF(B93:E93,1))=0, "unknown", MID( IF(OR(B93="1",B93=1)," + fossorial","") & IF(OR(C93="1",C93=1)," + terrestrial","") & IF(OR(D93="1",D93=1)," + aquatic","") & IF(OR(E93="1",E93=1)," + arboreal",""), 4, 999) ) -> terrestrial | M93: =IF( AND( (COUNTIF(I93:K93,"1")+COUNTIF(I93:K93,1))=0, (COUNTIF(I93:K93,"0")+COUNTIF(I93:K93,0))=0 ), "unknown", IF( (COUNTIF(I93:K93,"1")+COUNTIF(I93:K93,1))>0, MID( IF(OR(I93=1,I93="1")," + direct","") & IF(OR(J93=1,J93="1")," + larval","") & IF(OR(K93=1,K93="1")," + viviparous",""), 4,999), IF( (COUNTIF(I93:K93,"0")+COUNTIF(I93:K93,0))=3, "none", "unknown") ) ) -> larval | N93: =IFERROR(VALUE(INDEX(rawData!$Z:$Z, MATCH($A93, rawData!$E:$E, 0)))=VALUE($F93),"NA") -> TRUE | O93: =IFERROR(VALUE(INDEX(rawData!$AD:$AD, MATCH($A93, rawData!$E:$E, 0)))=VALUE($G93),"NA") -> TRUE | P93: =IFERROR(VALUE(INDEX(rawData!$AE:$AE, MATCH($A93, rawData!$E:$E, 0)))=VALUE($H93),"NA") -> TRUE | Q93: =IFERROR(INDEX(rawData!$F:$F, MATCH($A93, rawData!$E:$E, 0))=$B93,"NA") -> TRUE | R93: =IFERROR(INDEX(rawData!$G:$G, MATCH($A93, rawData!$E:$E, 0))=$C93,"NA") -> TRUE | S93: =IFERROR(INDEX(rawData!$H:$H, MATCH($A93, rawData!$E:$E, 0))=$D93,"NA") -> TRUE | T93: =IFERROR(INDEX(rawData!$I:$I, MATCH($A93, rawData!$E:$E, 0))=$E93,"NA") -> TRUE | U93: =IFERROR(VALUE(INDEX(rawData!$AI:$AI, MATCH($A93, rawData!$E:$E, 0)))=VALUE($I93),"NA") -> TRUE | V93: =IFERROR(VALUE(INDEX(rawData!$AJ:$AJ, MATCH($A93, rawData!$E:$E, 0)))=VALUE($J93),"NA") -> TRUE | W93: =IFERROR(VALUE(INDEX(rawData!$AK:$AK, MATCH($A93, rawData!$E:$E, 0)))=VALUE($K93),"NA") -> TRUE | X93: =IF(COUNTIF(O93:W93,FALSE)>0,FALSE,TRUE) -> TRUE | Y93: 94
A94: Litoria meiriana | B94: NA | C94: 1 | D94: 1 | E94: 1 | F94: 23 | G94: 30 | H94: 115 | I94: 0 | J94: 1 | K94: 0 | L94: =IF( (COUNTIF(B94:E94,"1")+COUNTIF(B94:E94,1))=0, "unknown", MID( IF(OR(B94="1",B94=1)," + fossorial","") & IF(OR(C94="1",C94=1)," + terrestrial","") & IF(OR(D94="1",D94=1)," + aquatic","") & IF(OR(E94="1",E94=1)," + arboreal",""), 4, 999) ) -> terrestrial + aquatic + arboreal | M94: =IF( AND( (COUNTIF(I94:K94,"1")+COUNTIF(I94:K94,1))=0, (COUNTIF(I94:K94,"0")+COUNTIF(I94:K94,0))=0 ), "unknown", IF( (COUNTIF(I94:K94,"1")+COUNTIF(I94:K94,1))>0, MID( IF(OR(I94=1,I94="1")," + direct","") & IF(OR(J94=1,J94="1")," + larval","") & IF(OR(K94=1,K94="1")," + viviparous",""), 4,999), IF( (COUNTIF(I94:K94,"0")+COUNTIF(I94:K94,0))=3, "none", "unknown") ) ) -> larval | N94: =IFERROR(VALUE(INDEX(rawData!$Z:$Z, MATCH($A94, rawData!$E:$E, 0)))=VALUE($F94),"NA") -> TRUE | O94: =IFERROR(VALUE(INDEX(rawData!$AD:$AD, MATCH($A94, rawData!$E:$E, 0)))=VALUE($G94),"NA") -> TRUE | P94: =IFERROR(VALUE(INDEX(rawData!$AE:$AE, MATCH($A94, rawData!$E:$E, 0)))=VALUE($H94),"NA") -> TRUE | Q94: =IFERROR(INDEX(rawData!$F:$F, MATCH($A94, rawData!$E:$E, 0))=$B94,"NA") -> TRUE | R94: =IFERROR(INDEX(rawData!$G:$G, MATCH($A94, rawData!$E:$E, 0))=$C94,"NA") -> TRUE | S94: =IFERROR(INDEX(rawData!$H:$H, MATCH($A94, rawData!$E:$E, 0))=$D94,"NA") -> TRUE | T94: =IFERROR(INDEX(rawData!$I:$I, MATCH($A94, rawData!$E:$E, 0))=$E94,"NA") -> TRUE | U94: =IFERROR(VALUE(INDEX(rawData!$AI:$AI, MATCH($A94, rawData!$E:$E, 0)))=VALUE($I94),"NA") -> TRUE | V94: =IFERROR(VALUE(INDEX(rawData!$AJ:$AJ, MATCH($A94, rawData!$E:$E, 0)))=VALUE($J94),"NA") -> TRUE | W94: =IFERROR(VALUE(INDEX(rawData!$AK:$AK, MATCH($A94, rawData!$E:$E, 0)))=VALUE($K94),"NA") -> TRUE | X94: =IF(COUNTIF(O94:W94,FALSE)>0,FALSE,TRUE) -> TRUE | Y94: 94
A95: Scinax cruentommus | B95: NA | C95: 1 | D95: NA | E95: 1 | F95: 32 | G95: 80 | H95: 1200 | I95: 0 | J95: 1 | K95: 0 | L95: =IF( (COUNTIF(B95:E95,"1")+COUNTIF(B95:E95,1))=0, "unknown", MID( IF(OR(B95="1",B95=1)," + fossorial","") & IF(OR(C95="1",C95=1)," + terrestrial","") & IF(OR(D95="1",D95=1)," + aquatic","") & IF(OR(E95="1",E95=1)," + arboreal",""), 4, 999) ) -> terrestrial + arboreal | M95: =IF( AND( (COUNTIF(I95:K95,"1")+COUNTIF(I95:K95,1))=0, (COUNTIF(I95:K95,"0")+COUNTIF(I95:K95,0))=0 ), "unknown", IF( (COUNTIF(I95:K95,"1")+COUNTIF(I95:K95,1))>0, MID( IF(OR(I95=1,I95="1")," + direct","") & IF(OR(J95=1,J95="1")," + larval","") & IF(OR(K95=1,K95="1")," + viviparous",""), 4,999), IF( (COUNTIF(I95:K95,"0")+COUNTIF(I95:K95,0))=3, "none", "unknown") ) ) -> larval | N95: =IFERROR(VALUE(INDEX(rawData!$Z:$Z, MATCH($A95, rawData!$E:$E, 0)))=VALUE($F95),"NA") -> TRUE | O95: =IFERROR(VALUE(INDEX(rawData!$AD:$AD, MATCH($A95, rawData!$E:$E, 0)))=VALUE($G95),"NA") -> TRUE | P95: =IFERROR(VALUE(INDEX(rawData!$AE:$AE, MATCH($A95, rawData!$E:$E, 0)))=VALUE($H95),"NA") -> TRUE | Q95: =IFERROR(INDEX(rawData!$F:$F, MATCH($A95, rawData!$E:$E, 0))=$B95,"NA") -> TRUE | R95: =IFERROR(INDEX(rawData!$G:$G, MATCH($A95, rawData!$E:$E, 0))=$C95,"NA") -> TRUE | S95: =IFERROR(INDEX(rawData!$H:$H, MATCH($A95, rawData!$E:$E, 0))=$D95,"NA") -> TRUE | T95: =IFERROR(INDEX(rawData!$I:$I, MATCH($A95, rawData!$E:$E, 0))=$E95,"NA") -> TRUE | U95: =IFERROR(VALUE(INDEX(rawData!$AI:$AI, MATCH($A95, rawData!$E:$E, 0)))=VALUE($I95),"NA") -> TRUE | V95: =IFERROR(VALUE(INDEX(rawData!$AJ:$AJ, MATCH($A95, rawData!$E:$E, 0)))=VALUE($J95),"NA") -> TRUE | W95: =IFERROR(VALUE(INDEX(rawData!$AK:$AK, MATCH($A95, rawData!$E:$E, 0)))=VALUE($K95),"NA") -> TRUE | X95: =IF(COUNTIF(O95:W95,FALSE)>0,FALSE,TRUE) -> TRUE | Y95: 95
A96: Trachycephalus resinifictrix | B96: NA | C96: 1 | D96: NA | E96: 1 | F96: 88 | G96: 192 | H96: 2400 | I96: 0 | J96: 1 | K96: 0 | L96: =IF( (COUNTIF(B96:E96,"1")+COUNTIF(B96:E96,1))=0, "unknown", MID( IF(OR(B96="1",B96=1)," + fossorial","") & IF(OR(C96="1",C96=1)," + terrestrial","") & IF(OR(D96="1",D96=1)," + aquatic","") & IF(OR(E96="1",E96=1)," + arboreal",""), 4, 999) ) -> terrestrial + arboreal | M96: =IF( AND( (COUNTIF(I96:K96,"1")+COUNTIF(I96:K96,1))=0, (COUNTIF(I96:K96,"0")+COUNTIF(I96:K96,0))=0 ), "unknown", IF( (COUNTIF(I96:K96,"1")+COUNTIF(I96:K96,1))>0, MID( IF(OR(I96=1,I96="1")," + direct","") & IF(OR(J96=1,J96="1")," + larval","") & IF(OR(K96=1,K96="1")," + viviparous",""), 4,999), IF( (COUNTIF(I96:K96,"0")+COUNTIF(I96:K96,0))=3, "none", "unknown") ) ) -> larval | N96: =IFERROR(VALUE(INDEX(rawData!$Z:$Z, MATCH($A96, rawData!$E:$E, 0)))=VALUE($F96),"NA") -> TRUE | O96: =IFERROR(VALUE(INDEX(rawData!$AD:$AD, MATCH($A96, rawData!$E:$E, 0)))=VALUE($G96),"NA") -> TRUE | P96: =IFERROR(VALUE(INDEX(rawData!$AE:$AE, MATCH($A96, rawData!$E:$E, 0)))=VALUE($H96),"NA") -> TRUE | Q96: =IFERROR(INDEX(rawData!$F:$F, MATCH($A96, rawData!$E:$E, 0))=$B96,"NA") -> TRUE | R96: =IFERROR(INDEX(rawData!$G:$G, MATCH($A96, rawData!$E:$E, 0))=$C96,"NA") -> TRUE | S96: =IFERROR(INDEX(rawData!$H:$H, MATCH($A96, rawData!$E:$E, 0))=$D96,"NA") -> TRUE | T96: =IFERROR(INDEX(rawData!$I:$I, MATCH($A96, rawData!$E:$E, 0))=$E96,"NA") -> TRUE | U96: =IFERROR(VALUE(INDEX(rawData!$AI:$AI, MATCH($A96, rawData!$E:$E, 0)))=VALUE($I96),"NA") -> TRUE | V96: =IFERROR(VALUE(INDEX(rawData!$AJ:$AJ, MATCH($A96, rawData!$E:$E, 0)))=VALUE($J96),"NA") -> TRUE | W96: =IFERROR(VALUE(INDEX(rawData!$AK:$AK, MATCH($A96, rawData!$E:$E, 0)))=VALUE($K96),"NA") -> TRUE | X96: =IF(COUNTIF(O96:W96,FALSE)>0,FALSE,TRUE) -> TRUE | Y96: 96
A97: Oophaga vicentei | B97: NA | C97: NA | D97: NA | E97: 1 | F97: 21 | G97: 2 | H97: 6 | I97: 0 | J97: 1 | K97: 0 | L97: =IF( (COUNTIF(B97:E97,"1")+COUNTIF(B97:E97,1))=0, "unknown", MID( IF(OR(B97="1",B97=1)," + fossorial","") & IF(OR(C97="1",C97=1)," + terrestrial","") & IF(OR(D97="1",D97=1)," + aquatic","") & IF(OR(E97="1",E97=1)," + arboreal",""), 4, 999) ) -> arboreal | M97: =IF( AND( (COUNTIF(I97:K97,"1")+COUNTIF(I97:K97,1))=0, (COUNTIF(I97:K97,"0")+COUNTIF(I97:K97,0))=0 ), "unknown", IF( (COUNTIF(I97:K97,"1")+COUNTIF(I97:K97,1))>0, MID( IF(OR(I97=1,I97="1")," + direct","") & IF(OR(J97=1,J97="1")," + larval","") & IF(OR(K97=1,K97="1")," + viviparous",""), 4,999), IF( (COUNTIF(I97:K97,"0")+COUNTIF(I97:K97,0))=3, "none", "unknown") ) ) -> larval | N97: =IFERROR(VALUE(INDEX(rawData!$Z:$Z, MATCH($A97, rawData!$E:$E, 0)))=VALUE($F97),"NA") -> TRUE | O97: =IFERROR(VALUE(INDEX(rawData!$AD:$AD, MATCH($A97, rawData!$E:$E, 0)))=VALUE($G97),"NA") -> TRUE | P97: =IFERROR(VALUE(INDEX(rawData!$AE:$AE, MATCH($A97, rawData!$E:$E, 0)))=VALUE($H97),"NA") -> TRUE | Q97: =IFERROR(INDEX(rawData!$F:$F, MATCH($A97, rawData!$E:$E, 0))=$B97,"NA") -> TRUE | R97: =IFERROR(INDEX(rawData!$G:$G, MATCH($A97, rawData!$E:$E, 0))=$C97,"NA") -> TRUE | S97: =IFERROR(INDEX(rawData!$H:$H, MATCH($A97, rawData!$E:$E, 0))=$D97,"NA") -> TRUE | T97: =IFERROR(INDEX(rawData!$I:$I, MATCH($A97, rawData!$E:$E, 0))=$E97,"NA") -> TRUE | U97: =IFERROR(VALUE(INDEX(rawData!$AI:$AI, MATCH($A97, rawData!$E:$E, 0)))=VALUE($I97),"NA") -> TRUE | V97: =IFERROR(VALUE(INDEX(rawData!$AJ:$AJ, MATCH($A97, rawData!$E:$E, 0)))=VALUE($J97),"NA") -> TRUE | W97: =IFERROR(VALUE(INDEX(rawData!$AK:$AK, MATCH($A97, rawData!$E:$E, 0)))=VALUE($K97),"NA") -> TRUE | X97: =IF(COUNTIF(O97:W97,FALSE)>0,FALSE,TRUE) -> TRUE | Y97: 97
A98: Nyctibatrachus aliciae | B98: NA | C98: 1 | D98: 1 | E98: 1 | F98: 32 | G98: 17 | H98: 17 | I98: 0 | J98: 1 | K98: 0 | L98: =IF( (COUNTIF(B98:E98,"1")+COUNTIF(B98:E98,1))=0, "unknown", MID( IF(OR(B98="1",B98=1)," + fossorial","") & IF(OR(C98="1",C98=1)," + terrestrial","") & IF(OR(D98="1",D98=1)," + aquatic","") & IF(OR(E98="1",E98=1)," + arboreal",""), 4, 999) ) -> terrestrial + aquatic + arboreal | M98: =IF( AND( (COUNTIF(I98:K98,"1")+COUNTIF(I98:K98,1))=0, (COUNTIF(I98:K98,"0")+COUNTIF(I98:K98,0))=0 ), "unknown", IF( (COUNTIF(I98:K98,"1")+COUNTIF(I98:K98,1))>0, MID( IF(OR(I98=1,I98="1")," + direct","") & IF(OR(J98=1,J98="1")," + larval","") & IF(OR(K98=1,K98="1")," + viviparous",""), 4,999), IF( (COUNTIF(I98:K98,"0")+COUNTIF(I98:K98,0))=3, "none", "unknown") ) ) -> larval | N98: =IFERROR(VALUE(INDEX(rawData!$Z:$Z, MATCH($A98, rawData!$E:$E, 0)))=VALUE($F98),"NA") -> TRUE | O98: =IFERROR(VALUE(INDEX(rawData!$AD:$AD, MATCH($A98, rawData!$E:$E, 0)))=VALUE($G98),"NA") -> TRUE | P98: =IFERROR(VALUE(INDEX(rawData!$AE:$AE, MATCH($A98, rawData!$E:$E, 0)))=VALUE($H98),"NA") -> TRUE | Q98: =IFERROR(INDEX(rawData!$F:$F, MATCH($A98, rawData!$E:$E, 0))=$B98,"NA") -> TRUE | R98: =IFERROR(INDEX(rawData!$G:$G, MATCH($A98, rawData!$E:$E, 0))=$C98,"NA") -> TRUE | S98: =IFERROR(INDEX(rawData!$H:$H, MATCH($A98, rawData!$E:$E, 0))=$D98,"NA") -> TRUE | T98: =IFERROR(INDEX(rawData!$I:$I, MATCH($A98, rawData!$E:$E, 0))=$E98,"NA") -> TRUE | U98: =IFERROR(VALUE(INDEX(rawData!$AI:$AI, MATCH($A98, rawData!$E:$E, 0)))=VALUE($I98),"NA") -> TRUE | V98: =IFERROR(VALUE(INDEX(rawData!$AJ:$AJ, MATCH($A98, rawData!$E:$E, 0)))=VALUE($J98),"NA") -> TRUE | W98: =IFERROR(VALUE(INDEX(rawData!$AK:$AK, MATCH($A98, rawData!$E:$E, 0)))=VALUE($K98),"NA") -> TRUE | X98: =IF(COUNTIF(O98:W98,FALSE)>0,FALSE,TRUE) -> TRUE | Y98: 97
A99: Amolops wuyiensis | B99: NA | C99: 1 | D99: 1 | E99: 1 | F99: 49 | G99: 600 | H99: 601 | I99: 0 | J99: 1 | K99: 0 | L99: =IF( (COUNTIF(B99:E99,"1")+COUNTIF(B99:E99,1))=0, "unknown", MID( IF(OR(B99="1",B99=1)," + fossorial","") & IF(OR(C99="1",C99=1)," + terrestrial","") & IF(OR(D99="1",D99=1)," + aquatic","") & IF(OR(E99="1",E99=1)," + arboreal",""), 4, 999) ) -> terrestrial + aquatic + arboreal | M99: =IF( AND( (COUNTIF(I99:K99,"1")+COUNTIF(I99:K99,1))=0, (COUNTIF(I99:K99,"0")+COUNTIF(I99:K99,0))=0 ), "unknown", IF( (COUNTIF(I99:K99,"1")+COUNTIF(I99:K99,1))>0, MID( IF(OR(I99=1,I99="1")," + direct","") & IF(OR(J99=1,J99="1")," + larval","") & IF(OR(K99=1,K99="1")," + viviparous",""), 4,999), IF( (COUNTIF(I99:K99,"0")+COUNTIF(I99:K99,0))=3, "none", "unknown") ) ) -> larval | N99: =IFERROR(VALUE(INDEX(rawData!$Z:$Z, MATCH($A99, rawData!$E:$E, 0)))=VALUE($F99),"NA") -> TRUE | O99: =IFERROR(VALUE(INDEX(rawData!$AD:$AD, MATCH($A99, rawData!$E:$E, 0)))=VALUE($G99),"NA") -> TRUE | P99: =IFERROR(VALUE(INDEX(rawData!$AE:$AE, MATCH($A99, rawData!$E:$E, 0)))=VALUE($H99),"NA") -> TRUE | Q99: =IFERROR(INDEX(rawData!$F:$F, MATCH($A99, rawData!$E:$E, 0))=$B99,"NA") -> TRUE | R99: =IFERROR(INDEX(rawData!$G:$G, MATCH($A99, rawData!$E:$E, 0))=$C99,"NA") -> TRUE | S99: =IFERROR(INDEX(rawData!$H:$H, MATCH($A99, rawData!$E:$E, 0))=$D99,"NA") -> TRUE | T99: =IFERROR(INDEX(rawData!$I:$I, MATCH($A99, rawData!$E:$E, 0))=$E99,"NA") -> TRUE | U99: =IFERROR(VALUE(INDEX(rawData!$AI:$AI, MATCH($A99, rawData!$E:$E, 0)))=VALUE($I99),"NA") -> TRUE | V99: =IFERROR(VALUE(INDEX(rawData!$AJ:$AJ, MATCH($A99, rawData!$E:$E, 0)))=VALUE($J99),"NA") -> TRUE | W99: =IFERROR(VALUE(INDEX(rawData!$AK:$AK, MATCH($A99, rawData!$E:$E, 0)))=VALUE($K99),"NA") -> TRUE | X99: =IF(COUNTIF(O99:W99,FALSE)>0,FALSE,TRUE) -> TRUE | Y99: 101
A100: Pipa pipa | B100: 1 | C100: NA | D100: 1 | E100: NA | F100: 171 | G100: 65 | H100: 140 | I100: 1 | J100: 0 | K100: 0 | L100: =IF( (COUNTIF(B100:E100,"1")+COUNTIF(B100:E100,1))=0, "unknown", MID( IF(OR(B100="1",B100=1)," + fossorial","") & IF(OR(C100="1",C100=1)," + terrestrial","") & IF(OR(D100="1",D100=1)," + aquatic","") & IF(OR(E100="1",E100=1)," + arboreal",""), 4, 999) ) -> fossorial + aquatic | M100: =IF( AND( (COUNTIF(I100:K100,"1")+COUNTIF(I100:K100,1))=0, (COUNTIF(I100:K100,"0")+COUNTIF(I100:K100,0))=0 ), "unknown", IF( (COUNTIF(I100:K100,"1")+COUNTIF(I100:K100,1))>0, MID( IF(OR(I100=1,I100="1")," + direct","") & IF(OR(J100=1,J100="1")," + larval","") & IF(OR(K100=1,K100="1")," + viviparous",""), 4,999), IF( (COUNTIF(I100:K100,"0")+COUNTIF(I100:K100,0))=3, "none", "unknown") ) ) -> direct | N100: =IFERROR(VALUE(INDEX(rawData!$Z:$Z, MATCH($A100, rawData!$E:$E, 0)))=VALUE($F100),"NA") -> TRUE | O100: =IFERROR(VALUE(INDEX(rawData!$AD:$AD, MATCH($A100, rawData!$E:$E, 0)))=VALUE($G100),"NA") -> TRUE | P100: =IFERROR(VALUE(INDEX(rawData!$AE:$AE, MATCH($A100, rawData!$E:$E, 0)))=VALUE($H100),"NA") -> TRUE | Q100: =IFERROR(INDEX(rawData!$F:$F, MATCH($A100, rawData!$E:$E, 0))=$B100,"NA") -> TRUE | R100: =IFERROR(INDEX(rawData!$G:$G, MATCH($A100, rawData!$E:$E, 0))=$C100,"NA") -> TRUE | S100: =IFERROR(INDEX(rawData!$H:$H, MATCH($A100, rawData!$E:$E, 0))=$D100,"NA") -> TRUE | T100: =IFERROR(INDEX(rawData!$I:$I, MATCH($A100, rawData!$E:$E, 0))=$E100,"NA") -> TRUE | U100: =IFERROR(VALUE(INDEX(rawData!$AI:$AI, MATCH($A100, rawData!$E:$E, 0)))=VALUE($I100),"NA") -> TRUE | V100: =IFERROR(VALUE(INDEX(rawData!$AJ:$AJ, MATCH($A100, rawData!$E:$E, 0)))=VALUE($J100),"NA") -> TRUE | W100: =IFERROR(VALUE(INDEX(rawData!$AK:$AK, MATCH($A100, rawData!$E:$E, 0)))=VALUE($K100),"NA") -> TRUE | X100: =IF(COUNTIF(O100:W100,FALSE)>0,FALSE,TRUE) -> TRUE | Y100: 102
...

Sheet CleanData
A1: Species | B1: fossorialHabitat | C1: terestrialHabitat | D1: aquaticHabitat | E1: aborealHabitat | F1: bodyLengthMm | G1: clutchSizeMinN | H1: clutchSizeMaxN | I1: directReproduction | J1: larvalReproduction | K1: vivipariousReproduction | L1: habitatType | M1: reproductiveMethod | N1: Check_Body | O1: Check_Min | P1: Check_Max | Q1: Check_Fos | R1: Check_Ter | S1: Check_Aqu | T1: Check_Arb | U1: Check_Dir | V1: Check_Lar | W1: Check_Viv | X1: All_Match | Y1: randID | AA1: allSpeciesMatch
A2: Eleutherodactylus corona | B2: NA | C2: 1 | D2: NA | E2: 1 | F2: 19.1 | G2: 3 | H2: 3 | I2: 1 | J2: 0 | K2: 0 | L2: =IF( (COUNTIF(B2:E2,"1")+COUNTIF(B2:E2,1))=0, "unknown", MID( IF(OR(B2="1",B2=1)," + fossorial","") & IF(OR(C2="1",C2=1)," + terrestrial","") & IF(OR(D2="1",D2=1)," + aquatic","") & IF(OR(E2="1",E2=1)," + arboreal",""), 4, 999) ) -> terrestrial + arboreal | M2: =IF( AND( (COUNTIF(I2:K2,"1")+COUNTIF(I2:K2,1))=0, (COUNTIF(I2:K2,"0")+COUNTIF(I2:K2,0))=0 ), "unknown", IF( (COUNTIF(I2:K2,"1")+COUNTIF(I2:K2,1))>0, MID( IF(OR(I2=1,I2="1")," + direct","") & IF(OR(J2=1,J2="1")," + larval","") & IF(OR(K2=1,K2="1")," + viviparous",""), 4,999), IF( (COUNTIF(I2:K2,"0")+COUNTIF(I2:K2,0))=3, "none", "unknown") ) ) -> direct | N2: =IFERROR(VALUE(INDEX(rawData!$Z:$Z, MATCH($A2, rawData!$E:$E, 0)))=VALUE($F2),"NA") -> TRUE | O2: =IFERROR(VALUE(INDEX(rawData!$AD:$AD, MATCH($A2, rawData!$E:$E, 0)))=VALUE($G2),"NA") -> TRUE | P2: =IFERROR(VALUE(INDEX(rawData!$AE:$AE, MATCH($A2, rawData!$E:$E, 0)))=VALUE($H2),"NA") -> TRUE | Q2: =IFERROR(INDEX(rawData!$F:$F, MATCH($A2, rawData!$E:$E, 0))=$B2,"NA") -> TRUE | R2: =IFERROR(INDEX(rawData!$G:$G, MATCH($A2, rawData!$E:$E, 0))=$C2,"NA") -> TRUE | S2: =IFERROR(INDEX(rawData!$H:$H, MATCH($A2, rawData!$E:$E, 0))=$D2,"NA") -> TRUE | T2: =IFERROR(INDEX(rawData!$I:$I, MATCH($A2, rawData!$E:$E, 0))=$E2,"NA") -> TRUE | U2: =IFERROR(VALUE(INDEX(rawData!$AI:$AI, MATCH($A2, rawData!$E:$E, 0)))=VALUE($I2),"NA") -> TRUE | V2: =IFERROR(VALUE(INDEX(rawData!$AJ:$AJ, MATCH($A2, rawData!$E:$E, 0)))=VALUE($J2),"NA") -> TRUE | W2: =IFERROR(VALUE(INDEX(rawData!$AK:$AK, MATCH($A2, rawData!$E:$E, 0)))=VALUE($K2),"NA") -> TRUE | X2: =IF(COUNTIF(O2:W2,FALSE)>0,FALSE,TRUE) -> TRUE | Y2: 1 | AA2: =COUNTIF(X:X,TRUE) -> 1481
A3: Eurycea quadridigitata | B3: NA | C3: 1 | D3: 1 | E3: NA | F3: 90 | G3: 7 | H3: 62 | I3: 0 | J3: 1 | K3: 0 | L3: =IF( (COUNTIF(B3:E3,"1")+COUNTIF(B3:E3,1))=0, "unknown", MID( IF(OR(B3="1",B3=1)," + fossorial","") & IF(OR(C3="1",C3=1)," + terrestrial","") & IF(OR(D3="1",D3=1)," + aquatic","") & IF(OR(E3="1",E3=1)," + arboreal",""), 4, 999) ) -> terrestrial + aquatic | M3: =IF( AND( (COUNTIF(I3:K3,"1")+COUNTIF(I3:K3,1))=0, (COUNTIF(I3:K3,"0")+COUNTIF(I3:K3,0))=0 ), "unknown", IF( (COUNTIF(I3:K3,"1")+COUNTIF(I3:K3,1))>0, MID( IF(OR(I3=1,I3="1")," + direct","") & IF(OR(J3=1,J3="1")," + larval","") & IF(OR(K3=1,K3="1")," + viviparous",""), 4,999), IF( (COUNTIF(I3:K3,"0")+COUNTIF(I3:K3,0))=3, "none", "unknown") ) ) -> larval | N3: =IFERROR(VALUE(INDEX(rawData!$Z:$Z, MATCH($A3, rawData!$E:$E, 0)))=VALUE($F3),"NA") -> TRUE | O3: =IFERROR(VALUE(INDEX(rawData!$AD:$AD, MATCH($A3, rawData!$E:$E, 0)))=VALUE($G3),"NA") -> TRUE | P3: =IFERROR(VALUE(INDEX(rawData!$AE:$AE, MATCH($A3, rawData!$E:$E, 0)))=VALUE($H3),"NA") -> TRUE | Q3: =IFERROR(INDEX(rawData!$F:$F, MATCH($A3, rawData!$E:$E, 0))=$B3,"NA") -> TRUE | R3: =IFERROR(INDEX(rawData!$G:$G, MATCH($A3, rawData!$E:$E, 0))=$C3,"NA") -> TRUE | S3: =IFERROR(INDEX(rawData!$H:$H, MATCH($A3, rawData!$E:$E, 0))=$D3,"NA") -> TRUE | T3: =IFERROR(INDEX(rawData!$I:$I, MATCH($A3, rawData!$E:$E, 0))=$E3,"NA") -> TRUE | U3: =IFERROR(VALUE(INDEX(rawData!$AI:$AI, MATCH($A3, rawData!$E:$E, 0)))=VALUE($I3),"NA") -> TRUE | V3: =IFERROR(VALUE(INDEX(rawData!$AJ:$AJ, MATCH($A3, rawData!$E:$E, 0)))=VALUE($J3),"NA") -> TRUE | W3: =IFERROR(VALUE(INDEX(rawData!$AK:$AK, MATCH($A3, rawData!$E:$E, 0)))=VALUE($K3),"NA") -> TRUE | X3: =IF(COUNTIF(O3:W3,FALSE)>0,FALSE,TRUE) -> TRUE | Y3: 1 | AA3: Validation: 100% of species (N=1,481) match between rawData and cleanData.
A4: Eleutherodactylus sisyphodemus | B4: NA | C4: 1 | D4: 1 | E4: NA | F4: 18 | G4: 6 | H4: 10 | I4: 1 | J4: 0 | K4: 0 | L4: =IF( (COUNTIF(B4:E4,"1")+COUNTIF(B4:E4,1))=0, "unknown", MID( IF(OR(B4="1",B4=1)," + fossorial","") & IF(OR(C4="1",C4=1)," + terrestrial","") & IF(OR(D4="1",D4=1)," + aquatic","") & IF(OR(E4="1",E4=1)," + arboreal",""), 4, 999) ) -> terrestrial + aquatic | M4: =IF( AND( (COUNTIF(I4:K4,"1")+COUNTIF(I4:K4,1))=0, (COUNTIF(I4:K4,"0")+COUNTIF(I4:K4,0))=0 ), "unknown", IF( (COUNTIF(I4:K4,"1")+COUNTIF(I4:K4,1))>0, MID( IF(OR(I4=1,I4="1")," + direct","") & IF(OR(J4=1,J4="1")," + larval","") & IF(OR(K4=1,K4="1")," + viviparous",""), 4,999), IF( (COUNTIF(I4:K4,"0")+COUNTIF(I4:K4,0))=3, "none", "unknown") ) ) -> direct | N4: =IFERROR(VALUE(INDEX(rawData!$Z:$Z, MATCH($A4, rawData!$E:$E, 0)))=VALUE($F4),"NA") -> TRUE | O4: =IFERROR(VALUE(INDEX(rawData!$AD:$AD, MATCH($A4, rawData!$E:$E, 0)))=VALUE($G4),"NA") -> TRUE | P4: =IFERROR(VALUE(INDEX(rawData!$AE:$AE, MATCH($A4, rawData!$E:$E, 0)))=VALUE($H4),"NA") -> TRUE | Q4: =IFERROR(INDEX(rawData!$F:$F, MATCH($A4, rawData!$E:$E, 0))=$B4,"NA") -> TRUE | R4: =IFERROR(INDEX(rawData!$G:$G, MATCH($A4, rawData!$E:$E, 0))=$C4,"NA") -> TRUE | S4: =IFERROR(INDEX(rawData!$H:$H, MATCH($A4, rawData!$E:$E, 0))=$D4,"NA") -> TRUE | T4: =IFERROR(INDEX(rawData!$I:$I, MATCH($A4, rawData!$E:$E, 0))=$E4,"NA") -> TRUE | U4: =IFERROR(VALUE(INDEX(rawData!$AI:$AI, MATCH($A4, rawData!$E:$E, 0)))=VALUE($I4),"NA") -> TRUE | V4: =IFERROR(VALUE(INDEX(rawData!$AJ:$AJ, MATCH($A4, rawData!$E:$E, 0)))=VALUE($J4),"NA") -> TRUE | W4: =IFERROR(VALUE(INDEX(rawData!$AK:$AK, MATCH($A4, rawData!$E:$E, 0)))=VALUE($K4),"NA") -> TRUE | X4: =IF(COUNTIF(O4:W4,FALSE)>0,FALSE,TRUE) -> TRUE | Y4: 2
A5: Microhyla achatina | B5: NA | C5: 1 | D5: 1 | E5: NA | F5: 25 | G5: 20 | H5: 20 | I5: 0 | J5: 1 | K5: 0 | L5: =IF( (COUNTIF(B5:E5,"1")+COUNTIF(B5:E5,1))=0, "unknown", MID( IF(OR(B5="1",B5=1)," + fossorial","") & IF(OR(C5="1",C5=1)," + terrestrial","") & IF(OR(D5="1",D5=1)," + aquatic","") & IF(OR(E5="1",E5=1)," + arboreal",""), 4, 999) ) -> terrestrial + aquatic | M5: =IF( AND( (COUNTIF(I5:K5,"1")+COUNTIF(I5:K5,1))=0, (COUNTIF(I5:K5,"0")+COUNTIF(I5:K5,0))=0 ), "unknown", IF( (COUNTIF(I5:K5,"1")+COUNTIF(I5:K5,1))>0, MID( IF(OR(I5=1,I5="1")," + direct","") & IF(OR(J5=1,J5="1")," + larval","") & IF(OR(K5=1,K5="1")," + viviparous",""), 4,999), IF( (COUNTIF(I5:K5,"0")+COUNTIF(I5:K5,0))=3, "none", "unknown") ) ) -> larval | N5: =IFERROR(VALUE(INDEX(rawData!$Z:$Z, MATCH($A5, rawData!$E:$E, 0)))=VALUE($F5),"NA") -> TRUE | O5: =IFERROR(VALUE(INDEX(rawData!$AD:$AD, MATCH($A5, rawData!$E:$E, 0)))=VALUE($G5),"NA") -> TRUE | P5: =IFERROR(VALUE(INDEX(rawData!$AE:$AE, MATCH($A5, rawData!$E:$E, 0)))=VALUE($H5),"NA") -> TRUE | Q5: =IFERROR(INDEX(rawData!$F:$F, MATCH($A5, rawData!$E:$E, 0))=$B5,"NA") -> TRUE | R5: =IFERROR(INDEX(rawData!$G:$G, MATCH($A5, rawData!$E:$E, 0))=$C5,"NA") -> TRUE | S5: =IFERROR(INDEX(rawData!$H:$H, MATCH($A5, rawData!$E:$E, 0))=$D5,"NA") -> TRUE | T5: =IFERROR(INDEX(rawData!$I:$I, MATCH($A5, rawData!$E:$E, 0))=$E5,"NA") -> TRUE | U5: =IFERROR(VALUE(INDEX(rawData!$AI:$AI, MATCH($A5, rawData!$E:$E, 0)))=VALUE($I5),"NA") -> TRUE | V5: =IFERROR(VALUE(INDEX(rawData!$AJ:$AJ, MATCH($A5, rawData!$E:$E, 0)))=VALUE($J5),"NA") -> TRUE | W5: =IFERROR(VALUE(INDEX(rawData!$AK:$AK, MATCH($A5, rawData!$E:$E, 0)))=VALUE($K5),"NA") -> TRUE | X5: =IF(COUNTIF(O5:W5,FALSE)>0,FALSE,TRUE) -> TRUE | Y5: 2
A6: Ambystoma barbouri | B6: 1 | C6: 1 | D6: 1 | E6: NA | F6: 168 | G6: 260 | H6: 260 | I6: 0 | J6: 1 | K6: 0 | L6: =IF( (COUNTIF(B6:E6,"1")+COUNTIF(B6:E6,1))=0, "unknown", MID( IF(OR(B6="1",B6=1)," + fossorial","") & IF(OR(C6="1",C6=1)," + terrestrial","") & IF(OR(D6="1",D6=1)," + aquatic","") & IF(OR(E6="1",E6=1)," + arboreal",""), 4, 999) ) -> fossorial + terrestrial + aquatic | M6: =IF( AND( (COUNTIF(I6:K6,"1")+COUNTIF(I6:K6,1))=0, (COUNTIF(I6:K6,"0")+COUNTIF(I6:K6,0))=0 ), "unknown", IF( (COUNTIF(I6:K6,"1")+COUNTIF(I6:K6,1))>0, MID( IF(OR(I6=1,I6="1")," + direct","") & IF(OR(J6=1,J6="1")," + larval","") & IF(OR(K6=1,K6="1")," + viviparous",""), 4,999), IF( (COUNTIF(I6:K6,"0")+COUNTIF(I6:K6,0))=3, "none", "unknown") ) ) -> larval | N6: =IFERROR(VALUE(INDEX(rawData!$Z:$Z, MATCH($A6, rawData!$E:$E, 0)))=VALUE($F6),"NA") -> TRUE | O6: =IFERROR(VALUE(INDEX(rawData!$AD:$AD, MATCH($A6, rawData!$E:$E, 0)))=VALUE($G6),"NA") -> TRUE | P6: =IFERROR(VALUE(INDEX(rawData!$AE:$AE, MATCH($A6, rawData!$E:$E, 0)))=VALUE($H6),"NA") -> TRUE | Q6: =IFERROR(INDEX(rawData!$F:$F, MATCH($A6, rawData!$E:$E, 0))=$B6,"NA") -> TRUE | R6: =IFERROR(INDEX(rawData!$G:$G, MATCH($A6, rawData!$E:$E, 0))=$C6,"NA") -> TRUE | S6: =IFERROR(INDEX(rawData!$H:$H, MATCH($A6, rawData!$E:$E, 0))=$D6,"NA") -> TRUE | T6: =IFERROR(INDEX(rawData!$I:$I, MATCH($A6, rawData!$E:$E, 0))=$E6,"NA") -> TRUE | U6: =IFERROR(VALUE(INDEX(rawData!$AI:$AI, MATCH($A6, rawData!$E:$E, 0)))=VALUE($I6),"NA") -> TRUE | V6: =IFERROR(VALUE(INDEX(rawData!$AJ:$AJ, MATCH($A6, rawData!$E:$E, 0)))=VALUE($J6),"NA") -> TRUE | W6: =IFERROR(VALUE(INDEX(rawData!$AK:$AK, MATCH($A6, rawData!$E:$E, 0)))=VALUE($K6),"NA") -> TRUE | X6: =IF(COUNTIF(O6:W6,FALSE)>0,FALSE,TRUE) -> TRUE | Y6: 2
A7: Smilisca cyanosticta | B7: NA | C7: 1 | D7: 1 | E7: 1 | F7: 70 | G7: 214 | H7: 1844 | I7: 0 | J7: 1 | K7: 0 | L7: =IF( (COUNTIF(B7:E7,"1")+COUNTIF(B7:E7,1))=0, "unknown", MID( IF(OR(B7="1",B7=1)," + fossorial","") & IF(OR(C7="1",C7=1)," + terrestrial","") & IF(OR(D7="1",D7=1)," + aquatic","") & IF(OR(E7="1",E7=1)," + arboreal",""), 4, 999) ) -> terrestrial + aquatic + arboreal | M7: =IF( AND( (COUNTIF(I7:K7,"1")+COUNTIF(I7:K7,1))=0, (COUNTIF(I7:K7,"0")+COUNTIF(I7:K7,0))=0 ), "unknown", IF( (COUNTIF(I7:K7,"1")+COUNTIF(I7:K7,1))>0, MID( IF(OR(I7=1,I7="1")," + direct","") & IF(OR(J7=1,J7="1")," + larval","") & IF(OR(K7=1,K7="1")," + viviparous",""), 4,999), IF( (COUNTIF(I7:K7,"0")+COUNTIF(I7:K7,0))=3, "none", "unknown") ) ) -> larval | N7: =IFERROR(VALUE(INDEX(rawData!$Z:$Z, MATCH($A7, rawData!$E:$E, 0)))=VALUE($F7),"NA") -> TRUE | O7: =IFERROR(VALUE(INDEX(rawData!$AD:$AD, MATCH($A7, rawData!$E:$E, 0)))=VALUE($G7),"NA") -> TRUE | P7: =IFERROR(VALUE(INDEX(rawData!$AE:$AE, MATCH($A7, rawData!$E:$E, 0)))=VALUE($H7),"NA") -> TRUE | Q7: =IFERROR(INDEX(rawData!$F:$F, MATCH($A7, rawData!$E:$E, 0))=$B7,"NA") -> TRUE | R7: =IFERROR(INDEX(rawData!$G:$G, MATCH($A7, rawData!$E:$E, 0))=$C7,"NA") -> TRUE | S7: =IFERROR(INDEX(rawData!$H:$H, MATCH($A7, rawData!$E:$E, 0))=$D7,"NA") -> TRUE | T7: =IFERROR(INDEX(rawData!$I:$I, MATCH($A7, rawData!$E:$E, 0))=$E7,"NA") -> TRUE | U7: =IFERROR(VALUE(INDEX(rawData!$AI:$AI, MATCH($A7, rawData!$E:$E, 0)))=VALUE($I7),"NA") -> TRUE | V7: =IFERROR(VALUE(INDEX(rawData!$AJ:$AJ, MATCH($A7, rawData!$E:$E, 0)))=VALUE($J7),"NA") -> TRUE | W7: =IFERROR(VALUE(INDEX(rawData!$AK:$AK, MATCH($A7, rawData!$E:$E, 0)))=VALUE($K7),"NA") -> TRUE | X7: =IF(COUNTIF(O7:W7,FALSE)>0,FALSE,TRUE) -> TRUE | Y7: 3
A8: Phasmahyla jandaia | B8: NA | C8: 1 | D8: NA | E8: 1 | F8: 32 | G8: 18 | H8: 30 | I8: 0 | J8: 1 | K8: 0 | L8: =IF( (COUNTIF(B8:E8,"1")+COUNTIF(B8:E8,1))=0, "unknown", MID( IF(OR(B8="1",B8=1)," + fossorial","") & IF(OR(C8="1",C8=1)," + terrestrial","") & IF(OR(D8="1",D8=1)," + aquatic","") & IF(OR(E8="1",E8=1)," + arboreal",""), 4, 999) ) -> terrestrial + arboreal | M8: =IF( AND( (COUNTIF(I8:K8,"1")+COUNTIF(I8:K8,1))=0, (COUNTIF(I8:K8,"0")+COUNTIF(I8:K8,0))=0 ), "unknown", IF( (COUNTIF(I8:K8,"1")+COUNTIF(I8:K8,1))>0, MID( IF(OR(I8=1,I8="1")," + direct","") & IF(OR(J8=1,J8="1")," + larval","") & IF(OR(K8=1,K8="1")," + viviparous",""), 4,999), IF( (COUNTIF(I8:K8,"0")+COUNTIF(I8:K8,0))=3, "none", "unknown") ) ) -> larval | N8: =IFERROR(VALUE(INDEX(rawData!$Z:$Z, MATCH($A8, rawData!$E:$E, 0)))=VALUE($F8),"NA") -> TRUE | O8: =IFERROR(VALUE(INDEX(rawData!$AD:$AD, MATCH($A8, rawData!$E:$E, 0)))=VALUE($G8),"NA") -> TRUE | P8: =IFERROR(VALUE(INDEX(rawData!$AE:$AE, MATCH($A8, rawData!$E:$E, 0)))=VALUE($H8),"NA") -> TRUE | Q8: =IFERROR(INDEX(rawData!$F:$F, MATCH($A8, rawData!$E:$E, 0))=$B8,"NA") -> TRUE | R8: =IFERROR(INDEX(rawData!$G:$G, MATCH($A8, rawData!$E:$E, 0))=$C8,"NA") -> TRUE | S8: =IFERROR(INDEX(rawData!$H:$H, MATCH($A8, rawData!$E:$E, 0))=$D8,"NA") -> TRUE | T8: =IFERROR(INDEX(rawData!$I:$I, MATCH($A8, rawData!$E:$E, 0))=$E8,"NA") -> TRUE | U8: =IFERROR(VALUE(INDEX(rawData!$AI:$AI, MATCH($A8, rawData!$E:$E, 0)))=VALUE($I8),"NA") -> TRUE | V8: =IFERROR(VALUE(INDEX(rawData!$AJ:$AJ, MATCH($A8, rawData!$E:$E, 0)))=VALUE($J8),"NA") -> TRUE | W8: =IFERROR(VALUE(INDEX(rawData!$AK:$AK, MATCH($A8, rawData!$E:$E, 0)))=VALUE($K8),"NA") -> TRUE | X8: =IF(COUNTIF(O8:W8,FALSE)>0,FALSE,TRUE) -> TRUE | Y8: 3
A9: Desmognathus welteri | B9: NA | C9: NA | D9: 1 | E9: NA | F9: 122.5 | G9: 18 | H9: 33 | I9: 0 | J9: 1 | K9: 0 | L9: =IF( (COUNTIF(B9:E9,"1")+COUNTIF(B9:E9,1))=0, "unknown", MID( IF(OR(B9="1",B9=1)," + fossorial","") & IF(OR(C9="1",C9=1)," + terrestrial","") & IF(OR(D9="1",D9=1)," + aquatic","") & IF(OR(E9="1",E9=1)," + arboreal",""), 4, 999) ) -> aquatic | M9: =IF( AND( (COUNTIF(I9:K9,"1")+COUNTIF(I9:K9,1))=0, (COUNTIF(I9:K9,"0")+COUNTIF(I9:K9,0))=0 ), "unknown", IF( (COUNTIF(I9:K9,"1")+COUNTIF(I9:K9,1))>0, MID( IF(OR(I9=1,I9="1")," + direct","") & IF(OR(J9=1,J9="1")," + larval","") & IF(OR(K9=1,K9="1")," + viviparous",""), 4,999), IF( (COUNTIF(I9:K9,"0")+COUNTIF(I9:K9,0))=3, "none", "unknown") ) ) -> larval | N9: =IFERROR(VALUE(INDEX(rawData!$Z:$Z, MATCH($A9, rawData!$E:$E, 0)))=VALUE($F9),"NA") -> TRUE | O9: =IFERROR(VALUE(INDEX(rawData!$AD:$AD, MATCH($A9, rawData!$E:$E, 0)))=VALUE($G9),"NA") -> TRUE | P9: =IFERROR(VALUE(INDEX(rawData!$AE:$AE, MATCH($A9, rawData!$E:$E, 0)))=VALUE($H9),"NA") -> TRUE | Q9: =IFERROR(INDEX(rawData!$F:$F, MATCH($A9, rawData!$E:$E, 0))=$B9,"NA") -> TRUE | R9: =IFERROR(INDEX(rawData!$G:$G, MATCH($A9, rawData!$E:$E, 0))=$C9,"NA") -> TRUE | S9: =IFERROR(INDEX(rawData!$H:$H, MATCH($A9, rawData!$E:$E, 0))=$D9,"NA") -> TRUE | T9: =IFERROR(INDEX(rawData!$I:$I, MATCH($A9, rawData!$E:$E, 0))=$E9,"NA") -> TRUE | U9: =IFERROR(VALUE(INDEX(rawData!$AI:$AI, MATCH($A9, rawData!$E:$E, 0)))=VALUE($I9),"NA") -> TRUE | V9: =IFERROR(VALUE(INDEX(rawData!$AJ:$AJ, MATCH($A9, rawData!$E:$E, 0)))=VALUE($J9),"NA") -> TRUE | W9: =IFERROR(VALUE(INDEX(rawData!$AK:$AK, MATCH($A9, rawData!$E:$E, 0)))=VALUE($K9),"NA") -> TRUE | X9: =IF(COUNTIF(O9:W9,FALSE)>0,FALSE,TRUE) -> TRUE | Y9: 4
A10: Smilisca sordida | B10: NA | C10: 1 | D10: 1 | E10: 1 | F10: 64 | G10: 856 | H10: 856 | I10: 0 | J10: 1 | K10: 0 | L10: =IF( (COUNTIF(B10:E10,"1")+COUNTIF(B10:E10,1))=0, "unknown", MID( IF(OR(B10="1",B10=1)," + fossorial","") & IF(OR(C10="1",C10=1)," + terrestrial","") & IF(OR(D10="1",D10=1)," + aquatic","") & IF(OR(E10="1",E10=1)," + arboreal",""), 4, 999) ) -> terrestrial + aquatic + arboreal | M10: =IF( AND( (COUNTIF(I10:K10,"1")+COUNTIF(I10:K10,1))=0, (COUNTIF(I10:K10,"0")+COUNTIF(I10:K10,0))=0 ), "unknown", IF( (COUNTIF(I10:K10,"1")+COUNTIF(I10:K10,1))>0, MID( IF(OR(I10=1,I10="1")," + direct","") & IF(OR(J10=1,J10="1")," + larval","") & IF(OR(K10=1,K10="1")," + viviparous",""), 4,999), IF( (COUNTIF(I10:K10,"0")+COUNTIF(I10:K10,0))=3, "none", "unknown") ) ) -> larval | N10: =IFERROR(VALUE(INDEX(rawData!$Z:$Z, MATCH($A10, rawData!$E:$E, 0)))=VALUE($F10),"NA") -> TRUE | O10: =IFERROR(VALUE(INDEX(rawData!$AD:$AD, MATCH($A10, rawData!$E:$E, 0)))=VALUE($G10),"NA") -> TRUE | P10: =IFERROR(VALUE(INDEX(rawData!$AE:$AE, MATCH($A10, rawData!$E:$E, 0)))=VALUE($H10),"NA") -> TRUE | Q10: =IFERROR(INDEX(rawData!$F:$F, MATCH($A10, rawData!$E:$E, 0))=$B10,"NA") -> TRUE | R10: =IFERROR(INDEX(rawData!$G:$G, MATCH($A10, rawData!$E:$E, 0))=$C10,"NA") -> TRUE | S10: =IFERROR(INDEX(rawData!$H:$H, MATCH($A10, rawData!$E:$E, 0))=$D10,"NA") -> TRUE | T10: =IFERROR(INDEX(rawData!$I:$I, MATCH($A10, rawData!$E:$E, 0))=$E10,"NA") -> TRUE | U10: =IFERROR(VALUE(INDEX(rawData!$AI:$AI, MATCH($A10, rawData!$E:$E, 0)))=VALUE($I10),"NA") -> TRUE | V10: =IFERROR(VALUE(INDEX(rawData!$AJ:$AJ, MATCH($A10, rawData!$E:$E, 0)))=VALUE($J10),"NA") -> TRUE | W10: =IFERROR(VALUE(INDEX(rawData!$AK:$AK, MATCH($A10, rawData!$E:$E, 0)))=VALUE($K10),"NA") -> TRUE | X10: =IF(COUNTIF(O10:W10,FALSE)>0,FALSE,TRUE) -> TRUE | Y10: 8
A11: Physalaemus maculiventris | B11: NA | C11: 1 | D11: 1 | E11: NA | F11: 25 | G11: 129 | H11: 129 | I11: 0 | J11: 1 | K11: 0 | L11: =IF( (COUNTIF(B11:E11,"1")+COUNTIF(B11:E11,1))=0, "unknown", MID( IF(OR(B11="1",B11=1)," + fossorial","") & IF(OR(C11="1",C11=1)," + terrestrial","") & IF(OR(D11="1",D11=1)," + aquatic","") & IF(OR(E11="1",E11=1)," + arboreal",""), 4, 999) ) -> terrestrial + aquatic | M11: =IF( AND( (COUNTIF(I11:K11,"1")+COUNTIF(I11:K11,1))=0, (COUNTIF(I11:K11,"0")+COUNTIF(I11:K11,0))=0 ), "unknown", IF( (COUNTIF(I11:K11,"1")+COUNTIF(I11:K11,1))>0, MID( IF(OR(I11=1,I11="1")," + direct","") & IF(OR(J11=1,J11="1")," + larval","") & IF(OR(K11=1,K11="1")," + viviparous",""), 4,999), IF( (COUNTIF(I11:K11,"0")+COUNTIF(I11:K11,0))=3, "none", "unknown") ) ) -> larval | N11: =IFERROR(VALUE(INDEX(rawData!$Z:$Z, MATCH($A11, rawData!$E:$E, 0)))=VALUE($F11),"NA") -> TRUE | O11: =IFERROR(VALUE(INDEX(rawData!$AD:$AD, MATCH($A11, rawData!$E:$E, 0)))=VALUE($G11),"NA") -> TRUE | P11: =IFERROR(VALUE(INDEX(rawData!$AE:$AE, MATCH($A11, rawData!$E:$E, 0)))=VALUE($H11),"NA") -> TRUE | Q11: =IFERROR(INDEX(rawData!$F:$F, MATCH($A11, rawData!$E:$E, 0))=$B11,"NA") -> TRUE | R11: =IFERROR(INDEX(rawData!$G:$G, MATCH($A11, rawData!$E:$E, 0))=$C11,"NA") -> TRUE | S11: =IFERROR(INDEX(rawData!$H:$H, MATCH($A11, rawData!$E:$E, 0))=$D11,"NA") -> TRUE | T11: =IFERROR(INDEX(rawData!$I:$I, MATCH($A11, rawData!$E:$E, 0))=$E11,"NA") -> TRUE | U11: =IFERROR(VALUE(INDEX(rawData!$AI:$AI, MATCH($A11, rawData!$E:$E, 0)))=VALUE($I11),"NA") -> TRUE | V11: =IFERROR(VALUE(INDEX(rawData!$AJ:$AJ, MATCH($A11, rawData!$E:$E, 0)))=VALUE($J11),"NA") -> TRUE | W11: =IFERROR(VALUE(INDEX(rawData!$AK:$AK, MATCH($A11, rawData!$E:$E, 0)))=VALUE($K11),"NA") -> TRUE | X11: =IF(COUNTIF(O11:W11,FALSE)>0,FALSE,TRUE) -> TRUE | Y11: 9
A12: Allophryne ruthveni | B12: NA | C12: 1 | D12: 1 | E12: 1 | F12: 31 | G12: 300 | H12: 300 | I12: 0 | J12: 1 | K12: 0 | L12: =IF( (COUNTIF(B12:E12,"1")+COUNTIF(B12:E12,1))=0, "unknown", MID( IF(OR(B12="1",B12=1)," + fossorial","") & IF(OR(C12="1",C12=1)," + terrestrial","") & IF(OR(D12="1",D12=1)," + aquatic","") & IF(OR(E12="1",E12=1)," + arboreal",""), 4, 999) ) -> terrestrial + aquatic + arboreal | M12: =IF( AND( (COUNTIF(I12:K12,"1")+COUNTIF(I12:K12,1))=0, (COUNTIF(I12:K12,"0")+COUNTIF(I12:K12,0))=0 ), "unknown", IF( (COUNTIF(I12:K12,"1")+COUNTIF(I12:K12,1))>0, MID( IF(OR(I12=1,I12="1")," + direct","") & IF(OR(J12=1,J12="1")," + larval","") & IF(OR(K12=1,K12="1")," + viviparous",""), 4,999), IF( (COUNTIF(I12:K12,"0")+COUNTIF(I12:K12,0))=3, "none", "unknown") ) ) -> larval | N12: =IFERROR(VALUE(INDEX(rawData!$Z:$Z, MATCH($A12, rawData!$E:$E, 0)))=VALUE($F12),"NA") -> TRUE | O12: =IFERROR(VALUE(INDEX(rawData!$AD:$AD, MATCH($A12, rawData!$E:$E, 0)))=VALUE($G12),"NA") -> TRUE | P12: =IFERROR(VALUE(INDEX(rawData!$AE:$AE, MATCH($A12, rawData!$E:$E, 0)))=VALUE($H12),"NA") -> TRUE | Q12: =IFERROR(INDEX(rawData!$F:$F, MATCH($A12, rawData!$E:$E, 0))=$B12,"NA") -> TRUE | R12: =IFERROR(INDEX(rawData!$G:$G, MATCH($A12, rawData!$E:$E, 0))=$C12,"NA") -> TRUE | S12: =IFERROR(INDEX(rawData!$H:$H, MATCH($A12, rawData!$E:$E, 0))=$D12,"NA") -> TRUE | T12: =IFERROR(INDEX(rawData!$I:$I, MATCH($A12, rawData!$E:$E, 0))=$E12,"NA") -> TRUE | U12: =IFERROR(VALUE(INDEX(rawData!$AI:$AI, MATCH($A12, rawData!$E:$E, 0)))=VALUE($I12),"NA") -> TRUE | V12: =IFERROR(VALUE(INDEX(rawData!$AJ:$AJ, MATCH($A12, rawData!$E:$E, 0)))=VALUE($J12),"NA") -> TRUE | W12: =IFERROR(VALUE(INDEX(rawData!$AK:$AK, MATCH($A12, rawData!$E:$E, 0)))=VALUE($K12),"NA") -> TRUE | X12: =IF(COUNTIF(O12:W12,FALSE)>0,FALSE,TRUE) -> TRUE | Y12: 11
